Study_identifier ,Author ,TE,TE.modified,SE,Varience ,Lower_CI,Upper_CI,Time_point,Control ,Experimental ,Total_Sample_Size,Reported_P_value,RoB ,Outcome_category,Outcome ,Notes,Include ,es.id
accorsi_2014,Accorsi et al. (2014),1.2225,1.2225,0.4137,0.1712,0.4117,2.0334,1,14,14,28,0.01,,Psychological,Biancardi-Stroppa Test - Accuracy ,Assuming higher score = better,True ,1
accorsi_2014,Accorsi et al. (2014),0.306,0.306,0.3803,0.1446,-0.4394,1.0514,1,14,14,28,0.14,,Psychological,Biancardi-Stroppa Test - Rapidity ,Assuming higher score = better,True ,2
bagagiolo_2022,Bagagiolo et al. (2022),-1.4535,-1.4535,0.3685,0.1358,-2.1757,-0.7314,1,36,41,77,NA,,Structural,ODDI <104% - PP ,Higher score = more asymmetry ,True ,3
bagagiolo_2022,Bagagiolo et al. (2022),-1.4355,-1.4355,0.3653,0.1335,-2.1515,-0.7195,1,48,48,96,NA,,Structural,ODDI <104% - ITT ,Higher score = more asymmetry ,True ,4
bagagiolo_2022,Bagagiolo et al. (2022),-1.4146,-1.4146,0.3238,0.1048,-2.0492,-0.78,2,36,41,77,NA,,Structural,ODDI <104% - PP ,Higher score = more asymmetry ,True ,5
bagagiolo_2022,Bagagiolo et al. (2022),-1.3609,-1.3609,0.3065,0.0939,-1.9615,-0.7602,2,48,48,96,NA,,Structural,ODDI <104% - ITT ,Higher score = more asymmetry ,True ,6
bagagiolo_2022,Bagagiolo et al. (2022),1.4355,1.4355,0.3653,0.1335,0.7195,2.1515,1,48,48,96,NA,,Structural,ODDI Score Normal - ITT,Higher number here is better ,True ,7
bagagiolo_2022,Bagagiolo et al. (2022),0.3791,0.3791,0.232,0.0538,-0.756,0.8338,1,48,48,96,NA,,Structural,ODDI Score Mild - ITT,Lower numbers of these is probably better - although I don't know how comparable these are. Included for completeness ,True ,8
bagagiolo_2022,Bagagiolo et al. (2022),-0.5631,-0.5631,0.2336,0.0546,-1.0209,-0.1053,1,48,48,96,NA,,Structural,ODDI Score Moderate - ITT,Lower numbers of these is probably better - although I don't know how comparable these are. Included for completeness ,True ,9
bagagiolo_2022,Bagagiolo et al. (2022),0.9289,0.9289,0.6151,0.3783,-0.2766,2.1344,1,48,48,96,NA,,Structural,ODDI Score Severe  - ITT,Lower numbers of these is probably better - although I don't know how comparable these are. Included for completeness ,True ,10
bagagiolo_2022,Bagagiolo et al. (2022),1.2821,1.2821,0.3744,0.1402,0.5482,2.016,1,36,41,77,NA,,Structural,ODDI Score Normal - PP,Higher number here is better ,True ,11
bagagiolo_2022,Bagagiolo et al. (2022),0.4816,0.4816,0.2638,0.0696,-0.0354,0.9986,1,36,41,77,NA,,Structural,ODDI Score Mild - PP,Lower numbers of these is probably better - although I don't know how comparable these are. Included for completeness ,True ,12
bagagiolo_2022,Bagagiolo et al. (2022),0.3061,0.3061,0.2771,0.0768,-0.237,0.8493,1,36,41,77,NA,,Structural,ODDI Score Moderate - PP,Lower numbers of these is probably better - although I don't know how comparable these are. Included for completeness ,True ,13
bagagiolo_2022,Bagagiolo et al. (2022),-1.1879,-1.1879,0.4403,0.1939,-2.0509,-0.3249,1,36,41,77,NA,,Structural,ODDI Score Severe  - PP,Lower numbers of these is probably better - although I don't know how comparable these are. Included for completeness ,True ,14
bagagiolo_2022,Bagagiolo et al. (2022),1.3609,1.3609,0.3065,0.0939,0.7602,1.9615,2,48,48,96,NA,,Structural,ODDI Score Normal - ITT,Higher number here is better ,True ,15
bagagiolo_2022,Bagagiolo et al. (2022),0.9208,0.9208,0.2461,0.0606,0.4384,1.4031,2,48,48,96,NA,,Structural,ODDI Score Mild - ITT,Lower numbers of these is probably better - although I don't know how comparable these are. Included for completeness ,True ,16
bagagiolo_2022,Bagagiolo et al. (2022),0.6506,0.6506,0.4653,0.2165,-0.2613,1.5625,2,48,48,96,NA,,Structural,ODDI Score Moderate - ITT,Lower numbers of these is probably better - although I don't know how comparable these are. Included for completeness ,True ,17
bagagiolo_2022,Bagagiolo et al. (2022),0,0,0.5632,0.3172,-1.1038,1.1038,2,48,48,96,NA,,Structural,ODDI Score Severe  - ITT,Lower numbers of these is probably better - although I don't know how comparable these are. Included for completeness ,True ,18
bagagiolo_2022,Bagagiolo et al. (2022),1.4146,1.4146,0.3238,0.1048,0.78,2.0492,2,36,41,77,NA,,Structural,ODDI Score Normal - PP,Higher number here is better ,True ,19
bagagiolo_2022,Bagagiolo et al. (2022),1.0038,1.0038,0.2826,0.0799,0.4498,1.5577,2,36,41,77,NA,,Structural,ODDI Score Mild - PP,Lower numbers of these is probably better - although I don't know how comparable these are. Included for completeness ,True ,20
bagagiolo_2022,Bagagiolo et al. (2022),0.7428,0.7428,0.4696,0.2206,-0.1777,1.6633,2,36,41,77,NA,,Structural,ODDI Score Moderate - PP,Lower numbers of these is probably better - although I don't know how comparable these are. Included for completeness ,True ,21
bagagiolo_2022,Bagagiolo et al. (2022),0.0749,0.0749,0.5663,0.3207,-1.035,1.1848,2,36,41,77,NA,,Structural,ODDI Score Severe  - PP,Lower numbers of these is probably better - although I don't know how comparable these are. Included for completeness ,True ,22
castejon-castejon_2022,Castejon-Castejon et al. (2022),1.704865,1.704865,0.319676,0.10219275,1.078311,2.3314181,1,25,29,54,0,,Neonatal - MISC,Crying,Crying diary - number of hours in 24hrs,True ,29
castejon-castejon_2022,Castejon-Castejon et al. (2022),1.065851,1.065851,0.2920844,0.08531328,0.493376,1.638326,1,25,29,54,0,,Sleep,Sleep,Total number or hours slept in 24,True ,30
castejon-castejon_2022,Castejon-Castejon et al. (2022),1.795977,1.795977,0.3243974,0.10523367,1.160169,2.4317838,1,25,29,54,0,,Neonatal - MISC,Severity ICSQ,Unclear. Most likely low - high (most severe colic),True ,31
castejon-castejon_2022,Castejon-Castejon et al. (2022),2.829792,2.829792,0.3883621,0.15082511,2.068616,3.5909674,2,25,29,54,0,,Neonatal - MISC,Crying,Crying diary - number of hours in 24hrs,True ,32
castejon-castejon_2022,Castejon-Castejon et al. (2022),1.424029,1.424029,0.3062932,0.09381553,0.8237052,2.024353,2,25,29,54,0,,Sleep,Sleep,Total number or hours slept in 24,True ,33
castejon-castejon_2022,Castejon-Castejon et al. (2022),3.028501,3.028501,0.4023968,0.16192315,2.239818,3.8171843,2,25,29,54,0,,Neonatal - MISC,Severity ICSQ,Unclear. Most likely low - high (most severe colic),True ,34
castejon-castejon_2022,Castejon-Castejon et al. (2022),2.505176,2.505176,0.3664897,0.13431469,1.786869,3.2234824,3,25,29,54,0,,Neonatal - MISC,Crying,Crying diary - number of hours in 24hrs,True ,35
castejon-castejon_2022,Castejon-Castejon et al. (2022),1.424661,1.424661,0.3063212,0.0938327,0.8242823,2.02504,3,25,29,54,0,,Sleep,Sleep,Total number or hours slept in 24,True ,36
castejon-castejon_2022,Castejon-Castejon et al. (2022),3.306363,3.306363,0.4227344,0.17870435,2.477819,4.1349074,3,25,29,54,0,,Neonatal - MISC,Severity ICSQ,Unclear. Most likely low - high (most severe colic),True ,37
castro_sanchez_2010,Castro Sanchez et al. (2010),-1.413969,-1.413969,0.2335122,0.0545,-1.871644,-0.9556,1,46,46,92,0.039,,Pain ,Impression of improvement,(1) worst - (7) best ,True ,38
castro_sanchez_2010,Castro Sanchez et al. (2010),-0.32784,-0.32784,0.20993,0.04407,-0.7393,0.0836,1,46,46,92,0.047,,Pain ,Impression of severity,(1) worst - (7) best ,True ,39
castro_sanchez_2010,Castro Sanchez et al. (2010),-0.3973,-0.3973,0.21059,0.04435,-0.81013,0.01538,2,46,46,92,0.046,,Pain ,Impression of improvement,(1) worst - (7) best ,True ,40
castro_sanchez_2010,Castro Sanchez et al. (2010),-0.0399,-0.0399,0.2085,0.04348,-0.4486,0.36882,2,46,46,92,0.059,,Pain ,Impression of severity,(1) worst - (7) best ,True ,41
castro_sanchez_2010,Castro Sanchez et al. (2010),-0.37786,-0.37786,0.21039,0.044267,-0.7902,0.0345,3,46,46,92,0.048,,Pain ,Impression of improvement,(1) worst - (7) best ,True ,42
castro_sanchez_2010,Castro Sanchez et al. (2010),-0.04969,-0.04969,0.20854,0.04349,-0.45844,0.35904,3,46,46,92,0.072,,Pain ,Impression of severity,(1) worst - (7) best ,True ,43
castro_sanchez_2016,Castro Sanchez et al. (2016),0.7438496,0.7438496,0.2587078,0.0669297,0.23679172,1.2509075,1,32,32,64,0.06,,Disability,RMQ,0 (no disability) to 24 (maximum possible disability),True ,44
castro_sanchez_2016,Castro Sanchez et al. (2016),0.53535282,0.53535282,0.2545476,0.06479448,0.03644869,1.0342569,1,32,32,64,0.057,,Disability,ODI,0 (no problem at all) to 50 (not possible),True ,45
castro_sanchez_2016,Castro Sanchez et al. (2016),0.55125375,0.55125375,0.2548192,0.06493281,0.05181737,1.0506901,1,32,32,64,0.008,,Pain ,"Pain Intensity, NPRS","0: no pain, 10: maximum pain",True ,46
castro_sanchez_2016,Castro Sanchez et al. (2016),-0.21691138,-0.21691138,0.2507522,0.06287668,-0.70837671,0.2745539,1,32,32,64,0.919,,Psychological,Tampa Scale of Kinesiophobia ,"17 to 68 points, where higher values reflect greater fear of (re)injury",True ,47
castro_sanchez_2016,Castro Sanchez et al. (2016),-0.04301139,-0.04301139,0.2500296,0.06251481,-0.5330604,0.44703766,1,32,32,64,0.318,,Movement,McQuade test (sec),number of seconds that the position was maintained up to a maximum of 120 seconds,True ,48
castro_sanchez_2016,Castro Sanchez et al. (2016),0.37266448,0.37266448,0.2522139,0.06361183,-0.12166561,0.8669946,1,32,32,64,0.498,,Movement,Finger-to-floor distance (cm) ,The distance (in centimeters) from the tip of the third finger to the floor was measured after 2 seconds.,True ,49
castro_sanchez_2016,Castro Sanchez et al. (2016),0.61197276,0.61197276,0.2559263,0.06549825,0.11036649,1.113579,2,32,32,64,0.21,,Disability,RMQ,0 (no disability) to 24 (maximum possible disability),True ,50
castro_sanchez_2016,Castro Sanchez et al. (2016),0.49057032,0.49057032,0.2538241,0.06442667,-0.00691575,0.9880564,2,32,32,64,0.108,,Disability,ODI,0 (no problem at all) to 50 (not possible),True ,51
castro_sanchez_2016,Castro Sanchez et al. (2016),0.48424228,0.48424228,0.2537268,0.06437728,-0.01305309,0.9815376,2,32,32,64,0.009,,Pain ,"Pain Intensity, NPRS","0: no pain, 10: maximum pain",True ,52
castro_sanchez_2016,Castro Sanchez et al. (2016),-0.26320689,-0.26320689,0.2511068,0.06305462,-0.75536717,0.2289534,2,32,32,64,0.779,,Psychological,Tampa Scale of Kinesiophobia ,"17 to 68 points, where higher values reflect greater fear of (re)injury",True ,53
castro_sanchez_2016,Castro Sanchez et al. (2016),-0.2773284,-0.2773284,0.2512284,0.06311573,-0.7697271,0.21507031,2,32,32,64,0.808,,Movement,McQuade test (sec),number of seconds that the position was maintained up to a maximum of 120 seconds,True ,54
castro_sanchez_2016,Castro Sanchez et al. (2016),0.24481013,0.24481013,0.2509578,0.0629798,-0.24705806,0.7366783,2,32,32,64,0.919,,Movement,Finger-to-floor distance (cm) ,The distance (in centimeters) from the tip of the third finger to the floor was measured after 2 seconds.,True ,55
cerrotelli_2013,Cerrotelli et al. (2013),0.2731,0.2731,0.2004,0.0402,-0.1197,0.6659,1,54,47,101,0.03,,Neonatal - MISC,LOS (days) ,Longer stay is worse,True ,56
cerrotelli_2013,Cerrotelli et al. (2013),-0.9292,-0.9292,0.2101,0.0441,-1.3409,-0.5174,1,54,47,101,0.001,,Neonatal - MISC,LOS (days)*,Longer stay is worse,False ,57
cerrotelli_2013,Cerrotelli et al. (2013),0.2668,0.2668,0.2004,0.402,-0.1259,0.6596,1,54,47,101,0.06,,Neonatal - MISC,Avg daily weight gain (g)*,Higher weight gain is good,False ,58
duncan_2008,Duncan et al. (2008),0.4936764,0.4936764,0.3391101,0.1149957,-0.1709672,1.1583201,1,17,19,36,NA,,Movement,Gross motor function classification system,(1) least severe - (5) most severe,True ,59
duncan_2008,Duncan et al. (2008),0.5062631,0.5062631,0.3393796,0.1151785,-0.1589087,1.1714348,1,17,19,36,NA,,Movement,Gross motor function measurement,(1) most severe - (3) least severe ,True ,60
duncan_2008,Duncan et al. (2008),-0.4787592,-0.4787592,0.3387993,0.1147849,-1.1427936,0.1852751,1,17,19,36,NA,,Function,Functional independence measure for children - self care,(1) complete dependance - (7) complete independence ,True ,61
duncan_2008,Duncan et al. (2008),-0.5006928,-0.5006928,0.3392595,0.115097,-1.1656293,0.1642436,1,17,19,36,NA,,Function,Functional independence measure for children - mobility,(1) complete dependance - (7) complete independence ,True ,62
duncan_2008,Duncan et al. (2008),-0.5224608,-0.5224608,0.339736,0.1154206,-1.1883312,0.1434096,1,17,19,36,NA,,Disability,Pediatric evaluation of disability inventory - self care,"0 -100, higher score indicates more independence ",True ,63
duncan_2008,Duncan et al. (2008),-0.4605373,-0.4605373,0.3384321,0.1145363,-1.123852,0.2027775,1,17,19,36,NA,,Disability,Pediatric evaluation of disability inventory - mobility ,"0 -100, higher score indicates more independence ",True ,64
duncan_2008,Duncan et al. (2008),0.8483344,0.8483344,0.3491562,0.12191,0.1640008,1.5326679,1,17,19,36,NA,,Movement,Spasticity,DO rated spasticity on VAS (0) least severe - (100) most severe,True ,65
duncan_2008,Duncan et al. (2008),0.1295767,0.1295767,0.334214,0.111699,-0.5254708,0.7846242,1,17,19,36,NA,,Movement,MAS Bicep,Modified ashword schale (0) no increase in tone - (4) affected part in rigid flexion and extension ,True ,66
duncan_2008,Duncan et al. (2008),0.1493141,0.1493141,0.3343337,0.111779,-0.5059678,0.804596,1,17,19,36,NA,,Movement,MAS Hamstring,Modified ashword schale (0) no increase in tone - (4) affected part in rigid flexion and extension ,True ,67
duncan_2008,Duncan et al. (2008),0.1512634,0.1512634,0.3343464,0.1117875,-0.5040435,0.8065702,1,17,19,36,NA,,Function,Parent or Guardian measured arched back,Parent rated VAS (0) least severe - (100) most severe,True ,68
duncan_2008,Duncan et al. (2008),0.5468865,0.5468865,0.340294,0.1158,-0.1200775,1.2138505,1,17,19,36,NA,,Function,Parent or Guardian measured startle reflex,Parent rated VAS (0) least severe - (100) most severe,True ,69
elden_2013,Elden et al. (2013),0.25791466,0.25791466,0.1935564,0.03746408,-0.12144891,0.6372782,1,51,57,108,0.017,,Pain ,"Pain related to motion, VAS morning ","Visual analog scale 0 - 100, 0 = no pain ",True ,70
elden_2013,Elden et al. (2013),0.36075534,0.36075534,0.1943267,0.03776286,-0.02011796,0.7416287,1,51,57,108,0.084,,Pain ,"Pain related to motion, VAS evening ","Visual analog scale 0 - 100, 0 = no pain ",True ,71
elden_2013,Elden et al. (2013),-0.01266545,-0.01266545,0.1927497,0.03715246,-0.39044797,0.3651171,1,51,57,108,0.275,,Pain ,"Discomfort of pain, VAS","Visual analog scale 0 - 100, 0 = no pain ",True ,72
elden_2013,Elden et al. (2013),0.31113588,0.31113588,0.1939234,0.0376063,-0.06894709,0.6912188,1,51,57,108,0.432,,Disability,Oswestry Disability Index score,0 (no disability) - 50 (completely disabled),True ,73
elden_2013,Elden et al. (2013),0.11197109,0.11197109,0.1929004,0.03721058,-0.26610682,0.490049,1,51,57,108,0.016,,Disability,Disability Rating Index,without difficulty = 0 and cannot do at all = 100,True ,74
elden_2013,Elden et al. (2013),0.15573147,0.15573147,0.193043,0.03726559,-0.2226258,0.53408875,1,51,57,108,0.303,,Psychological,European Quality of Life Measure - 5 dimensions,0 (worst) - 100 (best),True ,75
elden_2013,Elden et al. (2013),0.2478903,0.2478903,0.1934949,0.03744027,-0.1313527,0.62713331,1,51,57,108,0.319,,Psychological,European Quality of Life Measure - visual analogue scale ,0 (worst) - 100 (best),True ,76
haller_2016,Haller et al. (2016),1.04795296,1.04795296,0.2907644,0.08454392,0.47806527,1.61784064,1,27,27,54,0.001,,Pain ,VAS - primary outcome ,"Visual analog scale 0 - 100, 0 = no pain ",True ,77
haller_2016,Haller et al. (2016),1.02130727,1.02130727,0.289859,0.08401826,0.45319398,1.58942055,1,27,27,54,0.001,,Pain ,POM,"Visual analog scale 0 - 100, 0 = no pain ",True ,78
haller_2016,Haller et al. (2016),0.46783198,0.46783198,0.2759722,0.07616066,-0.07306361,1.00872757,1,27,27,54,0.038,,Pain ,Point of Max Pain (PPT),Based on linear application of pressure until pain. Lower threshold = worse pain ,True ,79
haller_2016,Haller et al. (2016),0.51073053,0.51073053,0.2766964,0.07656087,-0.03158435,1.05304542,1,27,27,54,0.07,,Pain ,M. levator scapulae (PPT),Based on linear application of pressure until pain. Lower threshold = worse pain ,True ,80
haller_2016,Haller et al. (2016),0.51071535,0.51071535,0.2766961,0.07656072,-0.03159901,1.05302971,1,27,27,54,0.042,,Pain ,M. trapezius capitis (PPT),Based on linear application of pressure until pain. Lower threshold = worse pain ,True ,81
haller_2016,Haller et al. (2016),0.05068641,0.05068641,0.2722105,0.07409857,-0.48283641,0.58420922,1,27,27,54,0.644,,Pain ,M. semispinalis capitis (PPT),Based on linear application of pressure until pain. Lower threshold = worse pain ,True ,82
haller_2016,Haller et al. (2016),0.63313672,0.63313672,0.2790981,0.07789573,0.08611456,1.18015887,1,27,27,54,0.01,,Disability,Functional disability (NDI),1 (no disability) -100 (complete disability),True ,83
haller_2016,Haller et al. (2016),0.06007455,0.06007455,0.2722287,0.07410848,-0.47348395,0.59363306,1,27,27,54,0.013,,Function,Physical quality of life (SF-12),1 (lowest level of health) - 100 (highest),True ,84
haller_2016,Haller et al. (2016),0.49275362,0.49275362,0.2763854,0.07638889,-0.04895181,1.03445905,1,27,27,54,0.384,,Function,Physical well being (FEW),0 (worse) - 5 (best),True ,85
haller_2016,Haller et al. (2016),0.30830299,0.30830299,0.2738252,0.07498025,-0.22838457,0.84499055,1,27,27,54,0.178,,Psychological,Mental quality of life (SF-12),1 (lowest level of health) - 100 (highest),True ,86
haller_2016,Haller et al. (2016),0.1242609,0.1242609,0.2724358,0.07422128,-0.40970351,0.65822531,1,27,27,54,0.299,,Psychological,Anxiety (HADS),0 (no disorder) -21 (>10 possible clinical disorder) ,True ,87
haller_2016,Haller et al. (2016),0.15346911,0.15346911,0.2725777,0.07429862,-0.38077342,0.68771163,1,27,27,54,0.329,,Psychological,Depression (HADS),1 (no disorder) -21 (>10 possible clinical disorder) ,True ,88
haller_2016,Haller et al. (2016),0.22602789,0.22602789,0.2730588,0.07456113,-0.30915761,0.76121339,1,27,27,54,0.912,,Psychological,Stress perception (PSQ),0 - 1 (indicating high stress),True ,89
haller_2016,Haller et al. (2016),0,0,0.2721655,0.07407407,-0.53343463,0.53343463,1,27,27,54,0.392,,Psychological,Pain Acceptance (ERDA),lower = less acceptance - higher = higher acceptance ,True ,90
haller_2016,Haller et al. (2016),0.71378907,0.71378907,0.2809473,0.07893139,0.16314246,1.26443568,1,27,27,54,0.001,,Psychological,Body awareness (SBC),0 -4 (higher body awareness),True ,91
haller_2016,Haller et al. (2016),-0.16201639,-0.16201639,0.2726249,0.07432432,-0.69635134,0.37231855,1,27,27,54,0.183,,Psychological,Body dissociation (SBC),0 -4 (higher dissocation),True ,92
haller_2016,Haller et al. (2016),1.08405797,1.08405797,0.2920236,0.08527778,0.51170225,1.65641369,1,27,27,54,0,,Psychological,Global improvement (PGI-I) ,1(very much improved) to 7 (very much worse),True ,93
haller_2016,Haller et al. (2016),0.8336672,0.8336672,0.2840773,0.08069993,0.2768859,1.3904486,2,27,27,54,0.003,,Pain ,VAS,"Visual analog scale 0 - 100, 0 = no pain ",True ,94
haller_2016,Haller et al. (2016),0.7657694,0.7657694,0.2822492,0.0796646,0.21257116,1.3189676,2,27,27,54,0.02,,Pain ,POM,"Visual analog scale 0 - 100, 0 = no pain ",True ,95
haller_2016,Haller et al. (2016),0.3378814,0.3378814,0.2741577,0.07516247,-0.1994579,0.87522068,2,27,27,54,0.163,,Pain ,Point of Max Pain (PPT),Based on linear application of pressure until pain. Lower threshold = worse pain ,True ,96
haller_2016,Haller et al. (2016),0.1985908,0.1985908,0.2728554,0.07445006,-0.3361959,0.73337756,2,27,27,54,0.56,,Pain ,M. levator scapulae (PPT),Based on linear application of pressure until pain. Lower threshold = worse pain ,True ,97
haller_2016,Haller et al. (2016),0.1231523,0.1231523,0.272431,0.07421867,-0.4108027,0.65710728,2,27,27,54,0.778,,Pain ,M. trapezius capitis (PPT),Based on linear application of pressure until pain. Lower threshold = worse pain ,True ,98
haller_2016,Haller et al. (2016),0.2092776,0.2092776,0.2729315,0.07449162,-0.3256584,0.74421357,2,27,27,54,0.276,,Pain ,M. semispinalis capitis (PPT),Based on linear application of pressure until pain. Lower threshold = worse pain ,True ,99
haller_2016,Haller et al. (2016),0.6552097,0.6552097,0.2795833,0.07816684,0.10723646,1.203183,2,27,27,54,0.006,,Function,Functional disability (NDI),1 (no disability) -100 (complete disability),True ,100
haller_2016,Haller et al. (2016),0.947169,0.947169,0.287449,0.08262694,0.3837793,1.51055874,2,27,27,54,0,,Function,Physical quality of life (SF-12),1 (lowest level of health) - 100 (highest),True ,101
haller_2016,Haller et al. (2016),0.4181153,0.4181153,0.2752104,0.07574074,-0.1212871,0.9575177,2,27,27,54,0.155,,Function,Physical well being (FEW),0 (worse) - 5 (best),True ,102
haller_2016,Haller et al. (2016),0.1924801,0.1924801,0.2728136,0.07442728,-0.3422248,0.72718504,2,27,27,54,0.363,,Psychological,Mental quality of life (SF-12),1 (lowest level of health) - 100 (highest),True ,103
haller_2016,Haller et al. (2016),0.4373289,0.4373289,0.2754949,0.07589744,-0.10263122,0.9772889,2,27,27,54,0.02,,Psychological,Anxiety (HADS),0 (no disorder) -21 (>10 possible clinical disorder) ,True ,104
haller_2016,Haller et al. (2016),0.4855937,0.4855937,0.2762646,0.07632211,-0.05587489,1.0270623,2,27,27,54,0.079,,Psychological,Depression (HADS),1 (no disorder) -21 (>10 possible clinical disorder) ,True ,105
haller_2016,Haller et al. (2016),0.4696523,0.4696523,0.2760017,0.07617693,-0.07130108,1.0106056,2,27,27,54,0.171,,Psychological,Stress perception (PSQ),0 - 1 (indicating high stress),True ,106
haller_2016,Haller et al. (2016),0.3568945,0.3568945,0.2743873,0.0752884,-0.1808947,0.89468381,2,27,27,54,0.146,,Psychological,Pain Acceptance (ERDA),lower = less acceptance - higher = higher acceptance ,True ,107
haller_2016,Haller et al. (2016),0.1971014,0.1971014,0.2728451,0.07444444,-0.3376651,0.731868,2,27,27,54,0.33,,Psychological,Body awareness (SBC),0 -4 (higher body awareness),True ,108
haller_2016,Haller et al. (2016),-0.1558224,-0.1558224,0.2725905,0.07430556,-0.69008985,0.3784451,2,27,27,54,0.935,,Psychological,Body dissociation (SBC),0 -4 (higher dissocation),True ,109
haller_2016,Haller et al. (2016),0.7167325,0.7167325,0.2810187,0.07897153,0.16594593,1.2675192,2,27,27,54,0.029,,Psychological,Global improvement (PGI-I) ,1(very much improved) to 7 (very much worse),True ,110
hanten_1999,Hanten et al. (1999),0.2491,0.2491,0.3175,0.1008,-0.3732,0.8714,1,20,20,40,NA,,Pain ,"Pain Intensity, VAS","CV4 only, pain was measured in mm, higher indicates more pain ",True ,111
hanten_1999,Hanten et al. (1999),0.0678,0.0678,0.3163,0.1001,-0.5522,0.6877,1,20,20,40,NA,,Pain ,"Pain Affect, VAS ",CV4 only,True ,112
hayden_2006,Hayden et al. (2006),-0.2792592,-0.2792592,0.3799139,0.1443346,-1.0238767,0.4653583,1,14,14,28,NA,,Neonatal - MISC,Crying ,Crying time / 24hrs ,True ,113
hayden_2006,Hayden et al. (2006),-0.1294585,-0.1294585,0.3783843,0.1431746,-0.871078,0.612161,1,14,14,28,NA,,Sleep,Sleeping,Time spent sleeping /24hrs ,True ,114
hayden_2006,Hayden et al. (2006),0.2487867,0.2487867,0.3867436,0.1495706,-0.5092168,1.0067902,2,14,14,28,NA,,Neonatal - MISC,Crying ,Crying time / 24hrs ,True ,115
hayden_2006,Hayden et al. (2006),0.3169599,0.3169599,0.3877244,0.1503302,-0.4429658,1.0768857,2,14,14,28,NA,,Sleep,Sleeping,Time spent sleeping /24hrs ,True ,116
hayden_2006,Hayden et al. (2006),0.162479,0.162479,0.3929217,0.1543875,-0.6076335,0.9325914,3,14,14,28,NA,,Neonatal - MISC,Crying ,Crying time / 24hrs ,True ,117
hayden_2006,Hayden et al. (2006),0.152365,0.152365,0.3928386,0.1543222,-0.6175846,0.9223145,3,14,14,28,NA,,Sleep,Sleeping,Time spent sleeping /24hrs ,True ,118
hayden_2006,Hayden et al. (2006),0.6630647,0.6630647,0.4118971,0.1696593,-0.1442388,1.4703683,4,14,14,28,NA,,Neonatal - MISC,Crying ,Crying time / 24hrs ,True ,119
hayden_2006,Hayden et al. (2006),0.3432697,0.3432697,0.4034557,0.1627765,-0.447489,1.1340284,4,14,14,28,NA,,Sleep,Sleeping,Time spent sleeping /24hrs ,True ,120
herzhaft_le_roy_2016,Herzhaft Le Roy et al. (2011),0.1909141,0.1909141,0.2035495,0.04143238,-0.2080355,0.5898637,1,48,49,97,NA,,Neonatal - MISC,LATCH Score ,"latching skills , higher is better ",True ,121
herzhaft_le_roy_2016,Herzhaft Le Roy et al. (2011),0.8903634,0.8903634,0.2199811,0.04839167,0.4592084,1.3215183,2,45,46,91,0.001,,Neonatal - MISC,LATCH Score ,"latching skills , higher is better ",True ,122
mataran_penarrocha_2011,Mataran-Penarrocha et al. (2011),-0.601224163,-0.601224163,0.2232436,0.0498377,-1.038773544,-0.16367478,1,41,43,84,0.009,,Movement,Short form-36 health survey - Physical Function,Best function = higher score out of 100.,True ,123
mataran_penarrocha_2011,Mataran-Penarrocha et al. (2011),-0.530647316,-0.530647316,0.2221561,0.04935335,-0.966065352,-0.09522928,1,41,43,84,0.019,,Function,Short form-36 health survey - Physical Role,Best function = higher score out of 100.,True ,124
mataran_penarrocha_2011,Mataran-Penarrocha et al. (2011),-0.478142478,-0.478142478,0.2214322,0.04903221,-0.912141574,-0.04414338,1,41,43,84,0.036,,Pain ,Short form-36 health survey - Body pain,Best function = higher score out of 100.,True ,125
mataran_penarrocha_2011,Mataran-Penarrocha et al. (2011),-0.703011272,-0.703011272,0.2250391,0.0506426,-1.14407983,-0.26194271,1,41,43,84,0.048,,Function,Short form-36 health survey - General Health,Best function = higher score out of 100.,True ,126
mataran_penarrocha_2011,Mataran-Penarrocha et al. (2011),0.488957811,0.488957811,0.2215753,0.04909563,0.054678143,0.92323748,1,41,43,84,0.046,,Psychological,Short form-36 health survey - Vitality,Best function = higher score out of 100.,True ,127
mataran_penarrocha_2011,Mataran-Penarrocha et al. (2011),-0.500095642,-0.500095642,0.221726,0.04916242,-0.934670612,-0.06552067,1,41,43,84,0.028,,Psychological,Short form-36 health survey - Social Function ,Best function = higher score out of 100.,True ,128
mataran_penarrocha_2011,Mataran-Penarrocha et al. (2011),-0.235104256,-0.235104256,0.2190461,0.04798119,-0.664426709,0.1942182,1,41,43,84,0.292,,Psychological,Short form-36 health survey - Emotional Role,Best function = higher score out of 100.,True ,129
mataran_penarrocha_2011,Mataran-Penarrocha et al. (2011),-0.378803791,-0.378803791,0.2202636,0.04851607,-0.810512584,0.052905,1,41,43,84,0.069,,Psychological,Short form-36 health survey - Mental Health,Best function = higher score out of 100.,True ,130
mataran_penarrocha_2011,Mataran-Penarrocha et al. (2011),-0.896903991,-0.896903991,0.22918,0.05252345,-0.44771952,-1.34608846,1,41,43,84,0.043,,Sleep,Pittsburgh Sleep Quality Index (PSQI) - PSQ,Higher score indicates greater dysfunction,True ,131
mataran_penarrocha_2011,Mataran-Penarrocha et al. (2011),-0.512826073,-0.512826073,0.2219022,0.0492406,-0.077905686,-0.94774646,1,41,43,84,0.064,,Sleep,Pittsburgh Sleep Quality Index (PSQI) - SL,Higher score indicates greater dysfunction,True ,132
mataran_penarrocha_2011,Mataran-Penarrocha et al. (2011),0.160044798,0.160044798,0.2186352,0.04780136,-0.26847236,0.588561961,1,41,43,84,0.042,,Sleep,Pittsburgh Sleep Quality Index (PSQI) - SD,Higher score indicates greater dysfunction,True ,133
mataran_penarrocha_2011,Mataran-Penarrocha et al. (2011),0.448061993,0.448061993,0.2210504,0.04886329,0.01481114,0.881312851,1,41,43,84,0.065,,Sleep,Pittsburgh Sleep Quality Index (PSQI) - HSE,Higher score indicates greater dysfunction,True ,134
mataran_penarrocha_2011,Mataran-Penarrocha et al. (2011),0.417774828,0.417774828,0.2206905,0.04870429,-0.01477057,0.850320228,1,41,43,84,0.04,,Sleep,Pittsburgh Sleep Quality Index (PSQI) - SDI,Higher score indicates greater dysfunction,True ,135
mataran_penarrocha_2011,Mataran-Penarrocha et al. (2011),0.863690872,0.863690872,0.2284052,0.05216891,0.41602499,1.31135675,1,41,43,84,0.049,,Sleep,Pittsburgh Sleep Quality Index (PSQI) - DD,Higher score indicates greater dysfunction,True ,136
mataran_penarrocha_2011,Mataran-Penarrocha et al. (2011),-0.456821542,-0.456821542,0.2211591,0.04891135,-0.890285405,-0.02335768,2,41,43,84,0.067,,Movement,Short form-36 health survey - Physical Function,Best function = higher score out of 100.,True ,137
mataran_penarrocha_2011,Mataran-Penarrocha et al. (2011),-0.227049781,-0.227049781,0.2189946,0.04795862,-0.65627125,0.20217169,2,41,43,84,0.052,,Function,Short form-36 health survey - Physical Role,Best function = higher score out of 100.,True ,138
mataran_penarrocha_2011,Mataran-Penarrocha et al. (2011),-0.418498296,-0.418498296,0.2206988,0.04870796,-0.851059985,0.01406339,2,41,43,84,0.087,,Pain ,Short form-36 health survey - Body pain,Best function = higher score out of 100.,True ,139
mataran_penarrocha_2011,Mataran-Penarrocha et al. (2011),-0.340731838,-0.340731838,0.2198863,0.04834998,-0.771701023,0.09023735,2,41,43,84,0.05,,Function,Short form-36 health survey - General Health,Best function = higher score out of 100.,True ,140
mataran_penarrocha_2011,Mataran-Penarrocha et al. (2011),0.314651074,0.314651074,0.2196505,0.04824634,-0.115855981,0.74515813,2,41,43,84,0.075,,Psychological,Short form-36 health survey - Vitality,Best function = higher score out of 100.,True ,141
mataran_penarrocha_2011,Mataran-Penarrocha et al. (2011),-0.278169819,-0.278169819,0.2193518,0.04811521,-0.70809145,0.15175181,2,41,43,84,0.053,,Psychological,Short form-36 health survey - Social Function ,Best function = higher score out of 100.,True ,142
mataran_penarrocha_2011,Mataran-Penarrocha et al. (2011),0.514974131,0.514974131,0.2219324,0.04925399,0.079994632,0.94995363,2,41,43,84,0.074,,Psychological,Short form-36 health survey - Emotional Role,Best function = higher score out of 100.,True ,143
mataran_penarrocha_2011,Mataran-Penarrocha et al. (2011),-0.352563402,-0.352563402,0.2199993,0.04839971,-0.783754185,0.07862738,2,41,43,84,0.093,,Psychological,Short form-36 health survey - Mental Health,Best function = higher score out of 100.,True ,144
mataran_penarrocha_2011,Mataran-Penarrocha et al. (2011),-0.294222755,-0.294222755,0.2194788,0.04817092,-0.72439321,0.135947702,2,41,43,84,0.105,,Sleep,Pittsburgh Sleep Quality Index (PSQI) - PSQ,Higher score indicates greater dysfunction,True ,145
mataran_penarrocha_2011,Mataran-Penarrocha et al. (2011),0.253362026,0.253362026,0.2191695,0.04803526,-0.17620227,0.682926325,2,41,43,84,0.039,,Sleep,Pittsburgh Sleep Quality Index (PSQI) - SL,Higher score indicates greater dysfunction,True ,146
mataran_penarrocha_2011,Mataran-Penarrocha et al. (2011),0.154024257,0.154024257,0.218609,0.0477899,-0.27444152,0.582490029,2,41,43,84,0.047,,Sleep,Pittsburgh Sleep Quality Index (PSQI) - SD,Higher score indicates greater dysfunction,True ,147
mataran_penarrocha_2011,Mataran-Penarrocha et al. (2011),0.526791525,0.526791525,0.2221005,0.04932863,0.09148255,0.962100498,2,41,43,84,0.045,,Sleep,Pittsburgh Sleep Quality Index (PSQI) - HSE,Higher score indicates greater dysfunction,True ,148
mataran_penarrocha_2011,Mataran-Penarrocha et al. (2011),-0.097822649,-0.097822649,0.2184126,0.04770408,-0.52590354,0.330258242,2,41,43,84,0.367,,Sleep,Pittsburgh Sleep Quality Index (PSQI) - SDI,Higher score indicates greater dysfunction,True ,149
mataran_penarrocha_2011,Mataran-Penarrocha et al. (2011),0.410390408,0.410390408,0.2206065,0.04866721,-0.02199031,0.842771126,2,41,43,84,0.24,,Sleep,Pittsburgh Sleep Quality Index (PSQI) - DD,Higher score indicates greater dysfunction,True ,150
mataran_penarrocha_2011,Mataran-Penarrocha et al. (2011),-0.176238457,-0.176238457,0.2187107,0.04783438,-0.604903588,0.25242667,3,41,43,84,0.121,,Movement,Short form-36 health survey - Physical Role,Best function = higher score out of 100.,True ,151
mataran_penarrocha_2011,Mataran-Penarrocha et al. (2011),-0.28123217,-0.28123217,0.2193755,0.0481256,-0.711200201,0.14873586,3,41,43,84,0.234,,Pain ,Short form-36 health survey - Body pain,Best function = higher score out of 100.,True ,152
mataran_penarrocha_2011,Mataran-Penarrocha et al. (2011),-0.146378351,-0.146378351,0.2185771,0.04777597,-0.574781691,0.28202499,3,41,43,84,0.321,,Function,Short form-36 health survey - General Health,Best function = higher score out of 100.,True ,153
mataran_penarrocha_2011,Mataran-Penarrocha et al. (2011),0.431139663,0.431139663,0.2208463,0.04877308,-0.001711091,0.86399042,3,41,43,84,0.201,,Function,Short form-36 health survey - Vitality,Best function = higher score out of 100.,True ,154
mataran_penarrocha_2011,Mataran-Penarrocha et al. (2011),-0.417416631,-0.417416631,0.2206864,0.04870248,-0.849953975,0.01512071,3,41,43,84,0.067,,Psychological,Short form-36 health survey - Social Function ,Best function = higher score out of 100.,True ,155
mataran_penarrocha_2011,Mataran-Penarrocha et al. (2011),0.115167288,0.115167288,0.2184639,0.04772648,-0.31301409,0.54334867,3,41,43,84,0.135,,Psychological,Short form-36 health survey - Emotional Role,Best function = higher score out of 100.,True ,156
mataran_penarrocha_2011,Mataran-Penarrocha et al. (2011),-0.373693141,-0.373693141,0.2202107,0.04849275,-0.805298179,0.0579119,3,41,43,84,0.083,,Psychological,Short form-36 health survey - Mental Health,Best function = higher score out of 100.,True ,157
mataran_penarrocha_2011,Mataran-Penarrocha et al. (2011),-0.381998632,-0.381998632,0.2202971,0.04853081,-0.81377299,0.049775724,3,41,43,84,0.054,,Sleep,Pittsburgh Sleep Quality Index (PSQI) - PSQ,Higher score indicates greater dysfunction,True ,158
mataran_penarrocha_2011,Mataran-Penarrocha et al. (2011),-0.003779605,-0.003779605,0.21828,0.04764614,-0.43160048,0.424041271,3,41,43,84,0.132,,Sleep,Pittsburgh Sleep Quality Index (PSQI) - SL,Higher score indicates greater dysfunction,True ,159
mataran_penarrocha_2011,Mataran-Penarrocha et al. (2011),0.252925102,0.252925102,0.2191664,0.04803392,-0.1766332,0.682483404,3,41,43,84,0.04,,Sleep,Pittsburgh Sleep Quality Index (PSQI) - SD,Higher score indicates greater dysfunction,True ,160
mataran_penarrocha_2011,Mataran-Penarrocha et al. (2011),0.463112399,0.463112399,0.2212384,0.04894643,0.02949308,0.896731715,3,41,43,84,0.044,,Sleep,Pittsburgh Sleep Quality Index (PSQI) - HSE,Higher score indicates greater dysfunction,True ,161
mataran_penarrocha_2011,Mataran-Penarrocha et al. (2011),-0.032906733,-0.032906733,0.2182948,0.04765262,-0.4607567,0.394943229,3,41,43,84,0.088,,Sleep,Pittsburgh Sleep Quality Index (PSQI) - SDI,Higher score indicates greater dysfunction,True ,162
mataran_penarrocha_2011,Mataran-Penarrocha et al. (2011),-0.178095786,-0.178095786,0.2187198,0.04783837,-0.6067788,0.250587224,3,41,43,84,0.039,,Sleep,Pittsburgh Sleep Quality Index (PSQI) - DD,Higher score indicates greater dysfunction,True ,163
munoz_gomez_2022,Munoz-Gomez et al. (2022),0.7095953,0.7095953,0.2918857,0.08519724,0.13750993,1.2816807,1,25,25,50,0.01,,Pain ,VAS,0 = “absence of pain” and 10 = “worst pain imaginable”,True ,164
munoz_gomez_2022,Munoz-Gomez et al. (2022),1.0086672,1.0086672,0.3008345,0.09050139,0.41904242,1.598292,1,25,25,50,0.001,,Disability,Functinoal disability (HDI),0 = “no disability” to 100 = “maximum disability”,True ,165
munoz_gomez_2022,Munoz-Gomez et al. (2022),0.4108352,0.4108352,0.2859058,0.08174215,-0.14952993,0.9712004,1,25,25,50,0.15,,Disability,Emotional disability (HDI),0 = “no disability” to 100 = “maximum disability”,True ,166
munoz_gomez_2022,Munoz-Gomez et al. (2022),0.7002905,0.7002905,0.2916536,0.08506183,0.12865988,1.271921,1,25,25,50,0.02,,Disability,Overal disability (HDI),0 = “no disability” to 100 = “maximum disability”,True ,167
munoz_gomez_2022,Munoz-Gomez et al. (2022),0.883189,0.883189,0.2967342,0.08805116,0.3016008,1.46477727,1,25,24,49,0.01,,Function,Medication Intake ,% relative frequency  ,True ,168
munoz_gomez_2022,Munoz-Gomez et al. (2022),-1.1202,-1.1202,0.3254,0.1059,-1.758,-0.4824,1,25,25,50,NA,,Psychological,Self Percieved Change After Treatment (PGIC),Minimally worse to very much improved ,True ,169
munoz_gomez_2022,Munoz-Gomez et al. (2022),0.6429353,0.6429353,0.2902872,0.08426664,0.07398292,1.2118877,2,25,25,50,0.66,,Pain ,VAS,0 = “absence of pain” and 10 = “worst pain imaginable”,True ,170
munoz_gomez_2022,Munoz-Gomez et al. (2022),0.8757815,0.8757815,0.2965075,0.08791667,0.29463761,1.4569255,2,25,25,50,0.003,,Disability,Functinoal disability (HDI),0 = “no disability” to 100 = “maximum disability”,True ,171
munoz_gomez_2022,Munoz-Gomez et al. (2022),0.3472635,0.3472635,0.2850346,0.08124471,-0.21139405,0.905921,2,25,25,50,0.22,,Disability,Emotional disability (HDI),0 = “no disability” to 100 = “maximum disability”,True ,172
munoz_gomez_2022,Munoz-Gomez et al. (2022),0.6075781,0.6075781,0.2895,0.08381027,0.04016851,1.1749878,2,25,25,50,0.03,,Disability,Overal disability (HDI),0 = “no disability” to 100 = “maximum disability”,True ,173
munoz_gomez_2022,Munoz-Gomez et al. (2022),0.6957569,0.6957569,0.2915416,0.0849965,0.1243459,1.26716792,2,25,24,49,0.02,,Function,Medication Intake ,% relative frequency  ,True ,174
munoz_gomez_2022,Munoz-Gomez et al. (2022),-1.6167,-1.6167,0.366,0.124,-2.3341,-0.8984,2,25,25,50,NA,,Psychological,Self Percieved Change After Treatment (PGIC),Minimally worse to very much improved ,True ,175
mazreati_2021,Mazreati et al. (2021),-1.393558,1.393558,0.3072021,0.09437312,-1.995663,-0.7914532,1,26,27,53,NA,,Pain ,Sensory,"McGill Pain Questionnaire: pain intensity increases from top to bottom, so the lowest word has the highest score",True ,176
mazreati_2021,Mazreati et al. (2021),-1.263788,1.263788,0.3016977,0.09102153,-1.855104,-0.6724709,1,26,27,53,NA,,Pain ,Affective,"McGill Pain Questionnaire: pain intensity increases from top to bottom, so the lowest word has the highest score",True ,177
mazreati_2021,Mazreati et al. (2021),-7.722505,7.722505,0.8093933,0.65511754,-9.308887,-6.136123,1,26,27,53,NA,,Pain ,Pain evaluation,"McGill Pain Questionnaire: pain intensity increases from top to bottom, so the lowest word has the highest score",True ,178
mazreati_2021,Mazreati et al. (2021),-1.304317,1.304317,0.3033696,0.09203314,-1.898911,-0.7097236,1,26,27,53,NA,,Pain ,Miscellanceous,"McGill Pain Questionnaire: pain intensity increases from top to bottom, so the lowest word has the highest score",True ,179
mazreati_2021,Mazreati et al. (2021),-2.788891,2.788891,0.3887067,0.15109293,-3.550742,-2.02704,1,26,27,53,NA,,Pain ,Total score of pain intensity ,"McGill Pain Questionnaire: pain intensity increases from top to bottom, so the lowest word has the highest score",True ,180
mazreati_2021,Mazreati et al. (2021),-4.515733,4.515733,0.5231529,0.27368899,-5.541093,-3.4903716,2,26,27,53,NA,,Pain ,Sensory,"McGill Pain Questionnaire: pain intensity increases from top to bottom, so the lowest word has the highest score",True ,181
mazreati_2021,Mazreati et al. (2021),-6.749139,6.749139,0.7198696,0.51821227,-8.160057,-5.3382204,2,26,27,53,NA,,Pain ,Affective,"McGill Pain Questionnaire: pain intensity increases from top to bottom, so the lowest word has the highest score",True ,182
mazreati_2021,Mazreati et al. (2021),-5.729409,5.729409,0.6281234,0.39453906,-6.960508,-4.4983092,2,26,27,53,NA,,Pain ,Pain evaluation,"McGill Pain Questionnaire: pain intensity increases from top to bottom, so the lowest word has the highest score",True ,183
mazreati_2021,Mazreati et al. (2021),-2.676825,2.676825,0.3809721,0.14513975,-3.423516,-1.930133,2,26,27,53,NA,,Pain ,Miscellanceous,"McGill Pain Questionnaire: pain intensity increases from top to bottom, so the lowest word has the highest score",True ,184
mazreati_2021,Mazreati et al. (2021),-4.198556,4.198556,0.4968155,0.24682566,-5.172296,-3.2248151,2,26,27,53,NA,,Pain ,Total score of pain intensity ,"McGill Pain Questionnaire: pain intensity increases from top to bottom, so the lowest word has the highest score",True ,185
philippi_2006,Philippi et al. (2006),1.2542,1.2542,0.3884,0.1509,0.4929,2.0154,1,16,16,32,0.001,,Function,Total score difference," (6 - 24; 24 indicates maximal asymmetry), larger mean value is better ",True ,186
philippi_2006,Philippi et al. (2006),1.155,1.155,0.3833,0.1469,0.4037,1.9063,1,16,16,32,NA,,Function,Mean score, (6 - 24; 24 indicates maximal asymmetry) ,True ,187
raith_2016,Raith et al. (2016),0.6075,0.6075,0.5303,0.2812,-0.4318,1.6468,1,12,13,25,NA,,Function,GMA,first calculated OR then transformed to hedge's g  ,True ,188
raith_2016,Raith et al. (2016),-0.0511,-0.0511,0.4004,0.1603,-0.8359,0.7336,1,12,13,25,NA,,Function,GMOS ,max 42 = normal movement,True ,189
sandhouse_2016,Sandhouse et al. (2016),0.1356082,0.1356082,0.2125823,0.04519124,-0.2810455,0.55226186,1,42,47,89,NA,,Vision,distance visual acuity testing  - OD,"Best out of 70. The participant was scored on the number 
of letters that he or she read correctly out of 
a total of 70",True ,190
sandhouse_2016,Sandhouse et al. (2016),0.09096499,0.09096499,0.2124463,0.04513342,-0.3254221,0.50735204,1,42,47,89,NA,,Vision,distance visual acuity testing  - OS,"Best out of 70. The participant was scored on the number 
of letters that he or she read correctly out of 
a total of 70",True ,191
sandhouse_2016,Sandhouse et al. (2016),7.64E-05,7.64E-05,0.2123349,0.04508612,-0.41609245,0.4162452,1,42,47,89,NA,,Vision,accommodative system testing - OD,"Closer is better I believe. The accommodative 
amplitude (in diopters) was recorded as the 
reciprocal of the distance (in meters) from the 
card to the participants at the first sustained blur.",True ,192
sandhouse_2016,Sandhouse et al. (2016),0.04645325,0.04645325,0.212364,0.04509845,-0.36977248,0.462679,1,42,47,89,NA,,Vision,accommodative system testing - OS,"Closer is better I believe. The accommodative 
amplitude (in diopters) was recorded as the 
reciprocal of the distance (in meters) from the 
card to the participants at the first sustained blur.",True ,193
sandhouse_2016,Sandhouse et al. (2016),0.1543404,0.1543404,0.2126553,0.04522229,-0.26245635,0.5711372,1,42,47,89,NA,,Vision,local stereoacuity testing,Lower is better,True ,194
sandhouse_2016,Sandhouse et al. (2016),0.07154729,0.07154729,0.2124038,0.04511538,-0.34475654,0.4878511,1,42,47,89,NA,,Vision,pupillary size measurement - OD Bright,N/A,True ,195
sandhouse_2016,Sandhouse et al. (2016),0.110174,0.110174,0.2124983,0.04515551,-0.30631497,0.5266629,1,42,47,89,NA,,Vision,pupillary size measurement - OS Bright,N/A,True ,196
sandhouse_2016,Sandhouse et al. (2016),-0.1408216,-0.1408216,0.2126017,0.04519948,-0.55751329,0.27587,1,42,47,89,NA,,Vision,pupillary size measurement - OD Dim,N/A,True ,197
sandhouse_2016,Sandhouse et al. (2016),-0.07448722,-0.07448722,0.2124096,0.04511784,-0.49080238,0.3418279,1,42,47,89,NA,,Vision,pupillary size measurement - OS DIM,N/A,True ,198
sandhouse_2016,Sandhouse et al. (2016),0.04321778,0.04321778,0.2123601,0.0450968,-0.37300029,0.4594359,1,42,47,89,NA,,Vision,vergence system testing - CT near prism D,N/A,True ,199
sandhouse_2016,Sandhouse et al. (2016),-0.174673,-0.174673,0.2127452,0.04526053,-0.59164602,0.2422999,1,42,47,89,NA,,Vision,vergence system testing - NPC break,Lower is better,True ,200
sandhouse_2016,Sandhouse et al. (2016),-0.006511223,-0.006511223,0.2123355,0.04508636,-0.42268114,0.4096587,1,42,47,89,NA,,Vision,vergence system testing - NPC recovery,Lower is better,True ,201
sandhouse_2016,Sandhouse et al. (2016),0.1703915,0.1703915,0.2127254,0.04525209,-0.2465426,0.58732556,2,42,47,89,NA,,Vision,distance visual acuity testing  - OD,"Best out of 70. The participant was scored on the number 
of letters that he or she read correctly out of 
a total of 70",True ,202
sandhouse_2016,Sandhouse et al. (2016),-0.1043861,-0.1043861,0.2124815,0.04514841,-0.5208423,0.31207007,2,42,47,89,NA,,Vision,distance visual acuity testing  - OS,"Best out of 70. The participant was scored on the number 
of letters that he or she read correctly out of 
a total of 70",True ,203
sandhouse_2016,Sandhouse et al. (2016),0.370421,0.370421,0.2141739,0.04587048,-0.0493522,0.7901942,2,42,47,89,NA,,Vision,accommodative system testing - OD,"Closer is better I believe. The accommodative 
amplitude (in diopters) was recorded as the 
reciprocal of the distance (in meters) from the 
card to the participants at the first sustained blur.",True ,204
sandhouse_2016,Sandhouse et al. (2016),0.3380686,0.3380686,0.2138678,0.04573945,-0.08110466,0.7572418,2,42,47,89,NA,,Vision,accommodative system testing - OS,"Closer is better I believe. The accommodative 
amplitude (in diopters) was recorded as the 
reciprocal of the distance (in meters) from the 
card to the participants at the first sustained blur.",True ,205
sandhouse_2016,Sandhouse et al. (2016),0.09023292,0.09023292,0.2124445,0.04513266,-0.32615063,0.5066165,2,42,47,89,NA,,Vision,local stereoacuity testing,Lower is better,True ,206
sandhouse_2016,Sandhouse et al. (2016),-0.01803811,-0.01803811,0.2123393,0.04508798,-0.43421549,0.3981393,2,42,47,89,NA,,Vision,pupillary size measurement - OD Bright,N/A,True ,207
sandhouse_2016,Sandhouse et al. (2016),-0.04430767,-0.04430767,0.2123613,0.04509734,-0.46052827,0.3719129,2,42,47,89,NA,,Vision,pupillary size measurement - OS Bright,N/A,True ,208
sandhouse_2016,Sandhouse et al. (2016),0.01516946,0.01516946,0.212338,0.04508743,-0.40100542,0.4313443,2,42,47,89,NA,,Vision,pupillary size measurement - OD Dim,N/A,True ,209
sandhouse_2016,Sandhouse et al. (2016),0,0,0.2123349,0.04508612,-0.4161688,0.4161688,2,42,47,89,NA,,Vision,pupillary size measurement - OS DIM,N/A,True ,210
sandhouse_2016,Sandhouse et al. (2016),0.03211614,0.03211614,0.2123488,0.04509202,-0.38407987,0.4483122,2,42,47,89,NA,,Vision,vergence system testing - CT near prism D,N/A,True ,211
sandhouse_2016,Sandhouse et al. (2016),0.1601101,0.1601101,0.2126797,0.04523266,-0.25673447,0.5769547,2,42,47,89,NA,,Vision,vergence system testing - NPC break,Lower is better,True ,212
sandhouse_2016,Sandhouse et al. (2016),-0.1589979,-0.1589979,0.2126749,0.04523063,-0.57583308,0.2578374,2,42,47,89,NA,,Vision,vergence system testing - NPC recovery,Lower is better,True ,213
sandhouse_2011,Sandhouse et al. (2011),0.5400515,0.5400515,0.3787058,0.1434181,-0.2021982,1.2823012,1,14,15,29,NA,,Vision,distance visual acuity testing  - OD,"Best out of 70. The participant was scored on the number 
of letters that he or she read correctly out of 
a total of 70",True ,214
sandhouse_2011,Sandhouse et al. (2011),0.3583375,0.3583375,0.3747515,0.1404387,-0.376162,1.092837,1,14,15,29,NA,,Vision,distance visual acuity testing  - OS,"Best out of 70. The participant was scored on the number 
of letters that he or she read correctly out of 
a total of 70",True ,215
sandhouse_2011,Sandhouse et al. (2011),-0.35721855,-0.35721855,0.374732,0.1404241,-1.0916798,0.3772427,1,14,15,29,NA,,Vision,accommodative system testing - OD,"Closer is better I believe. The accommodative 
amplitude (in diopters) was recorded as the 
reciprocal of the distance (in meters) from the 
card to the participants at the first sustained blur.",True ,216
sandhouse_2011,Sandhouse et al. (2011),-0.30993755,-0.30993755,0.3739631,0.1398484,-1.0428917,0.4230167,1,14,15,29,NA,,Vision,accommodative system testing - OS,"Closer is better I believe. The accommodative 
amplitude (in diopters) was recorded as the 
reciprocal of the distance (in meters) from the 
card to the participants at the first sustained blur.",True ,217
sandhouse_2011,Sandhouse et al. (2011),0.14008743,0.14008743,0.3720933,0.1384534,-0.589202,0.8693768,1,14,15,29,NA,,Vision,local stereoacuity testing,Lower is better,True ,218
sandhouse_2011,Sandhouse et al. (2011),-0.01371048,-0.01371048,0.3716163,0.1380987,-0.742065,0.7146441,1,14,15,29,NA,,Vision,pupillary size measurement - OD Bright,N/A,True ,219
sandhouse_2011,Sandhouse et al. (2011),0.09138353,0.09138353,0.3718167,0.1382476,-0.6373638,0.8201308,1,14,15,29,NA,,Vision,pupillary size measurement - OS Bright,N/A,True ,220
sandhouse_2011,Sandhouse et al. (2011),-0.06877993,-0.06877993,0.3717278,0.1381816,-0.7973531,0.6597932,1,14,15,29,NA,,Vision,pupillary size measurement - OD Dim,N/A,True ,221
sandhouse_2011,Sandhouse et al. (2011),-0.11876515,-0.11876515,0.3719579,0.1383527,-0.8477892,0.6102589,1,14,15,29,NA,,Vision,pupillary size measurement - OS DIM,N/A,True ,222
sandhouse_2011,Sandhouse et al. (2011),-0.50253172,-0.50253172,0.377762,0.1427042,-1.2429317,0.2378683,1,14,15,29,NA,,Vision,vergence system testing - CT near prism D,N/A,True ,223
sandhouse_2011,Sandhouse et al. (2011),0.50042116,0.50042116,0.3777109,0.1426655,-0.2398786,1.2407209,1,14,15,29,NA,,Vision,vergence system testing - NPC break,Lower is better,True ,224
sandhouse_2011,Sandhouse et al. (2011),0.62383541,0.62383541,0.3810482,0.1451978,-0.1230054,1.3706763,1,14,15,29,NA,,Vision,vergence system testing - NPC recovery,Lower is better,True ,225
terrell_2022,Terrell et al. (2022),-0.2382694,-0.2382694,0.3887391,0.1511181,-1.000184,0.5236452,1,12,15,27,NA,,Function,Hip ROM,ROM in degrees,True ,226
terrell_2022,Terrell et al. (2022),-1.0562034,-1.0562034,0.4146926,0.17197,-1.868986,-0.2434208,1,12,15,27,NA,,Function,Knee ROM,ROM in degrees,True ,227
terrell_2022,Terrell et al. (2022),-0.4586304,-0.4586304,0.3926098,0.1541425,-1.228132,0.3108707,1,12,15,27,NA,,Function,Ankle ROM,ROM in degrees,True ,228
vandenplas_2008,Vandenplas et al. (2008),0.1496,0.1496,0.3795,0.144,-0.5941,0.8934,1,13,15,28,NA,,Sleep,Number of OSA recorded ,Mean after treatment ,True ,229
vandenplas_2008,Vandenplas et al. (2008),0.3025,0.3025,0.3812,0.1453,-0.4447,1.0497,1,13,15,28,0.43,,Sleep,Number of OSA recorded ,"Difference, higher is better ",True ,230
wahl_2008,Wahl et al. (2008),0.0835,0.0835,0.3385,0.1146,-0.58,0.7469,1,21,23,44,NA,,Disease Incidence,Incidence of acute otitis media ,higher is worse,True ,231
wyatt_2011,Wyatt et al. (2011),0.41469378,0.41469378,0.2074462,0.04303393,0.008106703,0.82128086,1,53,43,96,NA,,Psychological,Child Health Questionaire - Family Activity ,Higher score = better family functioning,True ,232
wyatt_2011,Wyatt et al. (2011),0.51351568,0.51351568,0.2261758,0.0511555,0.070219222,0.95681213,1,46,36,82,NA,,Function,Child Health Questionaire - Physical Summary,Higher score = better health,True ,233
wyatt_2011,Wyatt et al. (2011),0.15952355,0.15952355,0.222879,0.04967504,-0.277311218,0.59635831,1,46,36,82,NA,,Psychological,Child Health Questionaire - Psychological Summary,Higher score = better health,True ,234
wyatt_2011,Wyatt et al. (2011),-0.10199674,-0.10199674,0.2067199,0.0427331,-0.507160217,0.30316673,1,53,42,95,NA,,Function,Short Form 36 - Physical Component Summary ,"Scores have a population mean of 50, any score above/below indicating better/poorer health.",True ,235
wyatt_2011,Wyatt et al. (2011),0.76464914,0.76464914,0.2140213,0.04580513,0.34517503,1.18412326,1,53,42,95,NA,,Psychological,Short Form 36 - Mental Component Summary ,"Scores have a population mean of 50, any score above/below indicating better/poorer health.",True ,236
wyatt_2011,Wyatt et al. (2011),0.37611304,0.37611304,0.2353463,0.05538788,-0.085157235,0.83738332,1,40,34,74,NA,,Sleep,Mean Time Asleep,Higher is better,True ,237
wyatt_2011,Wyatt et al. (2011),0.75165837,0.75165837,0.2429114,0.05900596,0.27556074,1.227755991,1,39,34,73,NA,,Sleep,Mean Time to Sleep,Higher is worse,True ,238
wyatt_2011,Wyatt et al. (2011),0.207234,0.207234,0.1766999,0.03122285,-0.139091415,0.55355941,2,67,62,129,NA,,Function,Gross Motor Function Measure - 66,"Scores range 0–100, higher score = better mobility",True ,239
wyatt_2011,Wyatt et al. (2011),0.18130472,0.18130472,0.194436,0.03780537,-0.199782904,0.56239234,2,58,49,107,NA,,Function,Child Health Questionaire - Physical Summary,Higher score = better health,True ,240
wyatt_2011,Wyatt et al. (2011),0.3051919,0.3051919,0.1951694,0.03809109,-0.077333054,0.68771685,2,58,49,107,NA,,Psychological,Child Health Questionaire - Psychological Summary,Higher score = better health,True ,241
wyatt_2011,Wyatt et al. (2011),0.03007769,0.03007769,0.1798262,0.03233746,-0.322375181,0.38253056,2,65,59,124,NA,,Function,Short Form 36 - Physical Component Summary ,"Scores have a population mean of 50, any score above/below indicating better/poorer health.",True ,242
wyatt_2011,Wyatt et al. (2011),0.16776583,0.16776583,0.1801351,0.03244867,-0.185292558,0.52082421,2,65,59,124,NA,,Psychological,Short Form 36 - Mental Component Summary ,"Scores have a population mean of 50, any score above/below indicating better/poorer health.",True ,243
wyatt_2011,Wyatt et al. (2011),-0.34923491,-0.34923491,0.2397849,0.05749678,-0.819204604,0.12073478,2,38,33,71,NA,,Sleep,Mean Time Asleep,Higher is better,True ,244
wyatt_2011,Wyatt et al. (2011),0.44890902,0.44890902,0.240976,0.05806945,-0.02339532,0.921213357,2,38,33,71,NA,,Sleep,Mean Time to Sleep,Higher is worse,True ,245
wyatt_2011,Wyatt et al. (2011),0.42844109,0.42844109,0.2618716,0.06857674,-0.08481782,0.941699995,2,35,26,61,NA,,Pain ,Best Day Pediatric Pain Profile ,"Scores range 0–60, higher score = worst pain",True ,246
wyatt_2011,Wyatt et al. (2011),0.37573474,0.37573474,0.2611901,0.06822027,-0.13618847,0.887657942,2,35,26,61,NA,,Pain ,Worst Dat Pediatric Pain Profile ,"Scores range 0–60, higher score = worst pain",True ,247
Rolle_2014,Rolle et al. (2014),-0.2855898,-0.2855898,0.3182953,0.1013119,-0.90943713,0.33825751,1,19,21,40,NA,,Event ,Mean Headache Frequency,Higher is worse,True ,248
Rolle_2014,Rolle et al. (2014),-0.567744,-0.567744,0.3231792,0.1044448,-1.20116363,0.06567554,1,19,21,40,NA,,Medication Use,OTC Medication Use,More OTC med use is worse,True ,249
Rolle_2014,Rolle et al. (2014),-0.981454,-0.981454,0.3358338,0.1127844,-1.63967625,-0.32323184,1,19,21,40,NA,,Pain ,Headache Pain 1-5,1 - 5 (worst),True ,250
Rolle_2014,Rolle et al. (2014),-1.1584952,-1.1584952,0.3430948,0.117714,-1.83094858,-0.48604173,1,19,21,40,NA,,Disability,Headache Disability Inventory ,1 - 100 (worst),True ,251
Rolle_2014,Rolle et al. (2014),0.8408119,0.8408119,0.3308316,0.1094496,0.19239376,1.48922996,2,19,21,40,NA,,Event ,Mean Headache Frequency,Higher is worse,True ,252
Rolle_2014,Rolle et al. (2014),0.2096286,0.2096286,0.3175255,0.1008224,-0.41270991,0.83196705,2,19,21,40,NA,,Medication Use,OTC Medication Use,More OTC med use is worse,True ,253
Rolle_2014,Rolle et al. (2014),0.21623,0.21623,0.3175831,0.100859,-0.4062214,0.83868134,2,19,21,40,NA,,Pain ,Headache Pain 1-5,1 - 5 (worst),True ,254
Rolle_2014,Rolle et al. (2014),-0.4799808,-0.4799808,0.3213228,0.1032483,-1.10976184,0.1498003,2,19,21,40,NA,,Disability,Headache Disability Inventory ,1 - 100 (worst),True ,255
Rolle_2014,Rolle et al. (2014),1.8242003,1.8242003,0.3788804,0.1435504,1.08160825,2.56679228,3,19,21,40,NA,,Event ,Mean Headache Frequency,Higher is worse,True ,256
Rolle_2014,Rolle et al. (2014),0.716231,0.716231,0.3269947,0.1069256,0.07533305,1.35712885,3,19,21,40,NA,,Medication Use,OTC Medication Use,More OTC med use is worse,True ,257
Rolle_2014,Rolle et al. (2014),0.5097438,0.5097438,0.3219187,0.1036316,-0.12120517,1.14069277,3,19,21,40,NA,,Pain ,Headache Pain 1-5,1 - 5 (worst),True ,258
Rolle_2014,Rolle et al. (2014),0.7946293,0.7946293,0.329343,0.1084668,0.14912894,1.44012972,3,19,21,40,NA,,Disability,Headache Disability Inventory ,1 - 100 (worst),True ,259
