es.id,Study identifier ,Author ,TE (Control - Experimental),TE (Experimental - Controll),TE.Adjusted (Experimental - Control),TE,SE,Varience ,Lower CI,Upper CI,Time point,Control ,Experimental ,Total Sample Size,Reported P-value,Risk of Bias,Outcome category,Outcome_category_Ryan,Outcome ,Keep Sign Same,Is Positive Outcome,Ryan Check ,Notes,Include ,,CI,,,,,
1,accorsi_2014,Accorsi et al. (2014),-1.2225,1.2225,1.2225,1.2225,0.4137,0.1712,0.4117,2.0334,1,14,14,28,0.01,High,Psychological,Mental Function,Biancardi-Stroppa Test - Accuracy ,TRUE,TRUE,,Assuming higher score = better,True ,1,0.4117,2.0334,1.2225,,,-1.2225
2,accorsi_2014,Accorsi et al. (2014),-0.306,0.306,0.306,0.306,0.3803,0.1446,-0.4394,1.0514,1,14,14,28,0.14,High,Psychological,Mental Function,Biancardi-Stroppa Test - Rapidity ,TRUE,TRUE,,Assuming higher score = better,True ,1,-0.4394,1.0514,0.306,,,-0.306
3,bagagiolo_2022,Bagagiolo et al. (2022),-1.4355,1.4355,1.4355,1.4355,0.3653,0.1335,0.7195,2.1515,1,48,48,96,NA,Low,Structural,"Neonate health, structure",ODDI Score Normal - ITT,TRUE,TRUE,,Higher number here is better ,True ,1,0.7195,2.1515,1.4355,,,-1.4355
4,bagagiolo_2022,Bagagiolo et al. (2022),0.3791,-0.3791,0.3791,0.3791,0.232,0.0538,-0.756,0.8338,1,48,48,96,NA,Low,Structural,"Neonate health, structure",ODDI Score Mild - ITT,FALSE,TRUE,,Lower numbers of these is probably better - although I don't know how comparable these are. Included for completeness ,True ,-1,-0.8338,0.756,0.3791,,,0.3791
5,bagagiolo_2022,Bagagiolo et al. (2022),-0.5631,0.5631,-0.5631,-0.5631,0.2336,0.0546,-1.0209,-0.1053,1,48,48,96,NA,Low,Structural,"Neonate health, structure",ODDI Score Moderate - ITT,FALSE,FALSE,,Lower numbers of these is probably better - although I don't know how comparable these are. Included for completeness ,True ,-1,0.1053,1.0209,-0.5631,,,-0.5631
6,bagagiolo_2022,Bagagiolo et al. (2022),0.9289,-0.9289,0.9289,0.9289,0.6151,0.3783,-0.2766,2.1344,1,48,48,96,NA,Low,Structural,"Neonate health, structure",ODDI Score Severe  - ITT,FALSE,TRUE,,Lower numbers of these is probably better - although I don't know how comparable these are. Included for completeness ,True ,-1,-2.1344,0.2766,0.9289,,,0.9289
7,bagagiolo_2022,Bagagiolo et al. (2022),-1.2821,1.2821,1.2821,1.2821,0.3744,0.1402,0.5482,2.016,1,36,41,77,NA,Low,Structural,"Neonate health, structure",ODDI Score Normal - PP,TRUE,TRUE,,Higher number here is better ,True ,1,0.5482,2.016,1.2821,,,-1.2821
8,bagagiolo_2022,Bagagiolo et al. (2022),0.4816,-0.4816,0.4816,0.4816,0.2638,0.0696,-0.0354,0.9986,1,36,41,77,NA,Low,Structural,"Neonate health, structure",ODDI Score Mild - PP,FALSE,TRUE,,Lower numbers of these is probably better - although I don't know how comparable these are. Included for completeness ,True ,-1,-0.9986,0.0354,0.4816,,,0.4816
9,bagagiolo_2022,Bagagiolo et al. (2022),0.3061,-0.3061,0.3061,0.3061,0.2771,0.0768,-0.237,0.8493,1,36,41,77,NA,Low,Structural,"Neonate health, structure",ODDI Score Moderate - PP,FALSE,TRUE,,Lower numbers of these is probably better - although I don't know how comparable these are. Included for completeness ,True ,-1,-0.8493,0.237,0.3061,,,0.3061
10,bagagiolo_2022,Bagagiolo et al. (2022),-1.1879,1.1879,-1.1879,-1.1879,0.4403,0.1939,-2.0509,-0.3249,1,36,41,77,NA,Low,Structural,"Neonate health, structure",ODDI Score Severe  - PP,FALSE,FALSE,,Lower numbers of these is probably better - although I don't know how comparable these are. Included for completeness ,True ,-1,0.3249,2.0509,-1.1879,,,-1.1879
11,bagagiolo_2022,Bagagiolo et al. (2022),-1.3609,1.3609,1.3609,1.3609,0.3065,0.0939,0.7602,1.9615,2,48,48,96,NA,Low,Structural,"Neonate health, structure",ODDI Score Normal - ITT,TRUE,TRUE,,Higher number here is better ,True ,1,0.7602,1.9615,1.3609,,,-1.3609
12,bagagiolo_2022,Bagagiolo et al. (2022),0.9208,-0.9208,0.9208,0.9208,0.2461,0.0606,0.4384,1.4031,2,48,48,96,NA,Low,Structural,"Neonate health, structure",ODDI Score Mild - ITT,FALSE,TRUE,,Lower numbers of these is probably better - although I don't know how comparable these are. Included for completeness ,True ,-1,-1.4031,-0.4384,0.9208,,,0.9208
13,bagagiolo_2022,Bagagiolo et al. (2022),0.6506,-0.6506,0.6506,0.6506,0.4653,0.2165,-0.2613,1.5625,2,48,48,96,NA,Low,Structural,"Neonate health, structure",ODDI Score Moderate - ITT,FALSE,TRUE,,Lower numbers of these is probably better - although I don't know how comparable these are. Included for completeness ,True ,-1,-1.5625,0.2613,0.6506,,,0.6506
14,bagagiolo_2022,Bagagiolo et al. (2022),0,0,0,0,0.5632,0.3172,-1.1038,1.1038,2,48,48,96,NA,Low,Structural,"Neonate health, structure",ODDI Score Severe  - ITT,FALSE,TRUE,,Lower numbers of these is probably better - although I don't know how comparable these are. Included for completeness ,True ,-1,-1.1038,1.1038,0,,,0
15,bagagiolo_2022,Bagagiolo et al. (2022),-1.4146,1.4146,1.4146,1.4146,0.3238,0.1048,0.78,2.0492,2,36,41,77,NA,Low,Structural,"Neonate health, structure",ODDI Score Normal - PP,TRUE,TRUE,,Higher number here is better ,True ,1,0.78,2.0492,1.4146,,,-1.4146
16,bagagiolo_2022,Bagagiolo et al. (2022),1.0038,-1.0038,1.0038,1.0038,0.2826,0.0799,0.4498,1.5577,2,36,41,77,NA,Low,Structural,"Neonate health, structure",ODDI Score Mild - PP,FALSE,TRUE,,Lower numbers of these is probably better - although I don't know how comparable these are. Included for completeness ,True ,-1,-1.5577,-0.4498,1.0038,,,1.0038
17,bagagiolo_2022,Bagagiolo et al. (2022),0.7428,-0.7428,0.7428,0.7428,0.4696,0.2206,-0.1777,1.6633,2,36,41,77,NA,Low,Structural,"Neonate health, structure",ODDI Score Moderate - PP,FALSE,TRUE,,Lower numbers of these is probably better - although I don't know how comparable these are. Included for completeness ,True ,-1,-1.6633,0.1777,0.7428,,,0.7428
18,bagagiolo_2022,Bagagiolo et al. (2022),0.0749,-0.0749,0.0749,0.0749,0.5663,0.3207,-1.035,1.1848,2,36,41,77,NA,Low,Structural,"Neonate health, structure",ODDI Score Severe  - PP,FALSE,TRUE,,Lower numbers of these is probably better - although I don't know how comparable these are. Included for completeness ,True ,-1,-1.1848,1.035,0.0749,,,0.0749
19,castejon-castejon_2022,Castejon-Castejon et al. (2022),1.704865,-1.704865,1.704865,1.704865,0.3197,0.1022,1.0783,2.3314,1,25,29,54,0.0009,High,Neonatal - MISC,"Neonate health, behavior",Crying,FALSE,TRUE,,Crying diary - number of hours in 24hrs,True ,-1,-2.3314181,-1.078311,1.704865,,,1.704865
20,castejon-castejon_2022,Castejon-Castejon et al. (2022),-1.065851,1.065851,1.065851,1.065851,0.2921,0.0853,0.4934,1.6383,1,25,29,54,0.0009,High,Sleep,"Neonate health, behavior",Sleep,TRUE,TRUE,,Total number or hours slept in 24,True ,1,0.493376,1.638326,1.065851,,,-1.065851
21,castejon-castejon_2022,Castejon-Castejon et al. (2022),1.795977,-1.795977,1.795977,1.795977,0.3244,0.1052,1.1602,2.4318,1,25,29,54,0.0009,High,Neonatal - MISC,"Neonate health, behavior",Severity ICSQ,FALSE,TRUE,Looked this up and verified that low score = better outcome,Unclear. Most likely low - high (most severe colic),True ,-1,-2.4317838,-1.160169,1.795977,,,1.795977
22,castejon-castejon_2022,Castejon-Castejon et al. (2022),2.829792,-2.829792,2.829792,2.829792,0.3884,0.1508,2.0686,3.591,2,25,29,54,0.0009,High,Neonatal - MISC,"Neonate health, behavior",Crying,FALSE,TRUE,,Crying diary - number of hours in 24hrs,True ,-1,-3.5909674,-2.068616,2.829792,,,2.829792
23,castejon-castejon_2022,Castejon-Castejon et al. (2022),-1.424029,1.424029,1.424029,1.424029,0.3063,0.0938,0.8237,2.0244,2,25,29,54,0.0009,High,Sleep,"Neonate health, behavior",Sleep,TRUE,TRUE,,Total number or hours slept in 24,True ,1,0.8237052,2.024353,1.424029,,,-1.424029
24,castejon-castejon_2022,Castejon-Castejon et al. (2022),3.028501,-3.028501,3.028501,3.028501,0.4024,0.1619,2.2398,3.8172,2,25,29,54,0.0009,High,Neonatal - MISC,"Neonate health, behavior",Severity ICSQ,FALSE,TRUE,Looked this up and verified that low score = better outcome,Unclear. Most likely low - high (most severe colic),True ,-1,-3.8171843,-2.239818,3.028501,,,3.028501
25,castejon-castejon_2022,Castejon-Castejon et al. (2022),2.505176,-2.505176,2.505176,2.505176,0.3665,0.1343,1.7869,3.2235,3,25,29,54,0.0009,High,Neonatal - MISC,"Neonate health, behavior",Crying,FALSE,TRUE,,Crying diary - number of hours in 24hrs,True ,-1,-3.2234824,-1.786869,2.505176,,,2.505176
26,castejon-castejon_2022,Castejon-Castejon et al. (2022),-1.424661,1.424661,1.424661,1.424661,0.3063,0.0938,0.8243,2.025,3,25,29,54,0.0009,High,Sleep,"Neonate health, behavior",Sleep,TRUE,TRUE,,Total number or hours slept in 24,True ,1,0.8242823,2.02504,1.424661,,,-1.424661
27,castejon-castejon_2022,Castejon-Castejon et al. (2022),3.306363,-3.306363,3.306363,3.306363,0.4227,0.1787,2.4778,4.1349,3,25,29,54,0.0009,High,Neonatal - MISC,"Neonate health, behavior",Severity ICSQ,FALSE,TRUE,Looked this up and verified that low score = better outcome,Unclear. Most likely low - high (most severe colic),True ,-1,-4.1349074,-2.477819,3.306363,,,3.306363
28,castro_sanchez_2010,Castro Sanchez et al. (2010),1.413969,-1.413969,1.413969,1.413969,0.2335,0.0545,-1.8716,-0.9556,1,46,46,92,0.039,High,Pain ,"Pain, chronic somatic",Impression of improvement,FALSE,TRUE,It appears both scales they are using (CGI-I and CGI-S) operate where 1=best and 7=worst Source: https://www.ncbi.nlm.nih.gov/pmc/articles/PMC2880930/,(1) best- (7) worst ,True ,-1,1.871644,0.9556,1.413969,,,1.413969
29,castro_sanchez_2010,Castro Sanchez et al. (2010),0.32784,-0.32784,0.32784,0.32784,0.2099,0.0441,-0.7393,0.0836,1,46,46,92,0.047,High,Pain ,"Pain, chronic somatic",Impression of severity,FALSE,TRUE,It appears both scales they are using (CGI-I and CGI-S) operate where 1=best and 7=worst Source: https://www.ncbi.nlm.nih.gov/pmc/articles/PMC2880930/,(1) best- (7) worst ,True ,-1,0.7393,-0.0836,0.32784,,,0.32784
30,castro_sanchez_2010,Castro Sanchez et al. (2010),0.3973,-0.3973,0.3973,0.3973,0.2106,0.0444,-0.8101,0.0154,2,46,46,92,0.046,High,Pain ,"Pain, chronic somatic",Impression of improvement,FALSE,TRUE,It appears both scales they are using (CGI-I and CGI-S) operate where 1=best and 7=worst Source: https://www.ncbi.nlm.nih.gov/pmc/articles/PMC2880930/,(1) best- (7) worst ,True ,-1,0.81013,-0.01538,0.3973,,,0.3973
31,castro_sanchez_2010,Castro Sanchez et al. (2010),0.0399,-0.0399,0.0399,0.0399,0.2085,0.0435,-0.4486,0.3688,2,46,46,92,0.059,High,Pain ,"Pain, chronic somatic",Impression of severity,FALSE,TRUE,It appears both scales they are using (CGI-I and CGI-S) operate where 1=best and 7=worst Source: https://www.ncbi.nlm.nih.gov/pmc/articles/PMC2880930/,(1) best- (7) worst ,True ,-1,0.4486,-0.36882,0.0399,,,0.0399
32,castro_sanchez_2010,Castro Sanchez et al. (2010),0.37786,-0.37786,0.37786,0.37786,0.2104,0.0443,-0.7902,0.0345,3,46,46,92,0.048,High,Pain ,"Pain, chronic somatic",Impression of improvement,FALSE,TRUE,It appears both scales they are using (CGI-I and CGI-S) operate where 1=best and 7=worst Source: https://www.ncbi.nlm.nih.gov/pmc/articles/PMC2880930/,(1) best- (7) worst ,True ,-1,0.7902,-0.0345,0.37786,,,0.37786
33,castro_sanchez_2010,Castro Sanchez et al. (2010),0.04969,-0.04969,0.04969,0.04969,0.2085,0.0435,-0.4584,0.359,3,46,46,92,0.072,High,Pain ,"Pain, chronic somatic",Impression of severity,FALSE,TRUE,It appears both scales they are using (CGI-I and CGI-S) operate where 1=best and 7=worst Source: https://www.ncbi.nlm.nih.gov/pmc/articles/PMC2880930/,(1) best- (7) worst ,True ,-1,0.45844,-0.35904,0.04969,,,0.04969
34,castro_sanchez_2016,Castro Sanchez et al. (2016),0.7438496,-0.7438496,0.7438496,0.7438496,0.2587,0.0669,0.2368,1.2509,1,32,32,64,0.06,High,Disability,Disability,RMQ,FALSE,TRUE,,0 (no disability) to 24 (maximum possible disability),True ,-1,-1.2509075,-0.23679172,0.7438496,,,0.7438496
35,castro_sanchez_2016,Castro Sanchez et al. (2016),0.53535282,-0.53535282,0.53535282,0.53535282,0.2545,0.0648,0.0364,1.0343,1,32,32,64,0.057,High,Disability,Disability,ODI,FALSE,TRUE,,0 (no problem at all) to 50 (not possible),True ,-1,-1.0342569,-0.03644869,0.53535282,,,0.53535282
36,castro_sanchez_2016,Castro Sanchez et al. (2016),0.55125375,-0.55125375,0.55125375,0.55125375,0.2548,0.0649,0.0518,1.0507,1,32,32,64,0.008,High,Pain ,"Pain, chronic somatic","Pain Intensity, NPRS",FALSE,TRUE,,"0: no pain, 10: maximum pain",True ,-1,-1.0506901,-0.05181737,0.55125375,,,0.55125375
37,castro_sanchez_2016,Castro Sanchez et al. (2016),-0.21691138,0.21691138,-0.21691138,-0.21691138,0.2508,0.0629,-0.7084,0.2746,1,32,32,64,0.919,High,Psychological,Mental Function,Tampa Scale of Kinesiophobia ,FALSE,FALSE,,"17 to 68 points, where higher values reflect greater fear of (re)injury",True ,-1,-0.2745539,0.70837671,-0.21691138,,,-0.21691138
38,castro_sanchez_2016,Castro Sanchez et al. (2016),0.04301139,-0.04301139,-0.04301139,-0.04301139,0.25,0.0625,-0.5331,0.447,1,32,32,64,0.318,High,Movement,Motor Function ,McQuade test (sec),TRUE,FALSE,,number of seconds that the position was maintained up to a maximum of 120 seconds,True ,1,-0.5330604,0.44703766,-0.04301139,,,0.04301139
39,castro_sanchez_2016,Castro Sanchez et al. (2016),0.37266448,-0.37266448,0.37266448,0.37266448,0.2522,0.0636,-0.1217,0.867,1,32,32,64,0.498,High,Movement,Motor Function ,Finger-to-floor distance (cm) ,FALSE,TRUE,,The distance (in centimeters) from the tip of the third finger to the floor was measured after 2 seconds.,True ,-1,-0.8669946,0.12166561,0.37266448,,,0.37266448
40,castro_sanchez_2016,Castro Sanchez et al. (2016),0.61197276,-0.61197276,0.61197276,0.61197276,0.2559,0.0655,0.1104,1.1136,2,32,32,64,0.21,High,Disability,Disability,RMQ,FALSE,TRUE,,0 (no disability) to 24 (maximum possible disability),True ,-1,-1.113579,-0.11036649,0.61197276,,,0.61197276
41,castro_sanchez_2016,Castro Sanchez et al. (2016),0.49057032,-0.49057032,0.49057032,0.49057032,0.2538,0.0644,-0.0069,0.9881,2,32,32,64,0.108,High,Disability,Disability,ODI,FALSE,TRUE,,0 (no problem at all) to 50 (not possible),True ,-1,-0.9880564,0.00691575,0.49057032,,,0.49057032
42,castro_sanchez_2016,Castro Sanchez et al. (2016),0.48424228,-0.48424228,0.48424228,0.48424228,0.2537,0.0644,-0.0131,0.9815,2,32,32,64,0.009,High,Pain ,"Pain, chronic somatic","Pain Intensity, NPRS",FALSE,TRUE,,"0: no pain, 10: maximum pain",True ,-1,-0.9815376,0.01305309,0.48424228,,,0.48424228
43,castro_sanchez_2016,Castro Sanchez et al. (2016),-0.26320689,0.26320689,-0.26320689,-0.26320689,0.2511,0.0631,-0.7554,0.229,2,32,32,64,0.779,High,Psychological,Mental Function,Tampa Scale of Kinesiophobia ,FALSE,FALSE,,"17 to 68 points, where higher values reflect greater fear of (re)injury",True ,-1,-0.2289534,0.75536717,-0.26320689,,,-0.26320689
44,castro_sanchez_2016,Castro Sanchez et al. (2016),0.2773284,-0.2773284,-0.2773284,-0.2773284,0.2512,0.0631,-0.7697,0.2151,2,32,32,64,0.808,High,Movement,Motor Function ,McQuade test (sec),TRUE,FALSE,,number of seconds that the position was maintained up to a maximum of 120 seconds,True ,1,-0.7697271,0.21507031,-0.2773284,,,0.2773284
45,castro_sanchez_2016,Castro Sanchez et al. (2016),0.24481013,-0.24481013,0.24481013,0.24481013,0.251,0.063,-0.2471,0.7367,2,32,32,64,0.919,High,Movement,Motor Function ,Finger-to-floor distance (cm) ,FALSE,TRUE,,The distance (in centimeters) from the tip of the third finger to the floor was measured after 2 seconds.,True ,-1,-0.7366783,0.24705806,0.24481013,,,0.24481013
46,cerrotelli_2013,Cerrotelli et al. (2013),0.2731,-0.2731,0.2731,0.2731,0.2004,0.0402,-0.1197,0.6659,1,54,47,101,0.03,High,Neonatal - MISC,"Neonate health, behavior",LOS (days) ,FALSE,TRUE,,Longer stay is worse,True ,-1,-0.6659,0.1197,0.2731,,,0.2731
47,cerrotelli_2013,Cerrotelli et al. (2013),-0.9292,0.9292,-0.9292,-0.9292,0.2101,0.0441,-1.3409,-0.5174,1,54,47,101,0.001,Low,Neonatal - MISC,"Neonate health, behavior",LOS (days)*,FALSE,FALSE,,Longer stay is worse,False ,-1,0.5174,1.3409,-0.9292,,,-0.9292
48,cerrotelli_2013,Cerrotelli et al. (2013),-0.2668,0.2668,0.2668,0.2668,0.2004,0.402,-0.1259,0.6596,1,54,47,101,0.06,Low,Neonatal - MISC,"Neonate health, behavior",Avg daily weight gain (g)*,TRUE,TRUE,,Higher weight gain is good,False ,1,-0.1259,0.6596,0.2668,,,-0.2668
49,duncan_2008,Duncan et al. (2008),0.4936764,-0.4936764,0.4936764,0.4936764,0.3391,0.115,-0.171,1.1583,1,17,19,36,1,High,Movement,Motor Function ,Gross motor function classification system,FALSE,TRUE,,(1) least severe - (5) most severe,True ,-1,-1.1583201,0.1709672,0.4936764,,,0.4936764
50,duncan_2008,Duncan et al. (2008),-0.5062631,0.5062631,0.5062631,0.5062631,0.3394,0.1152,-0.1589,1.1714,1,17,19,36,0.049,High,Movement,Motor Function ,Gross motor function measurement,TRUE,TRUE,,(1) most severe - (3) least severe ,True ,1,-0.1589087,1.1714348,0.5062631,,,-0.5062631
51,duncan_2008,Duncan et al. (2008),-0.4787592,0.4787592,-0.4787592,-0.4787592,0.3388,0.1148,-1.1428,0.1853,1,17,19,36,NS,High,Function,Mental Function,Functional independence measure for children - self care,FALSE,FALSE,,(1) complete dependance - (7) complete independence ,True ,-1,-0.1852751,1.1427936,-0.4787592,,,-0.4787592
52,duncan_2008,Duncan et al. (2008),-0.5006928,0.5006928,-0.5006928,-0.5006928,0.3393,0.1151,-1.1656,0.1642,1,17,19,36,NS,High,Function,Motor Function ,Functional independence measure for children - mobility,FALSE,FALSE,,(1) complete dependance - (7) complete independence ,True ,-1,-0.1642436,1.1656293,-0.5006928,,,-0.5006928
53,duncan_2008,Duncan et al. (2008),-0.5224608,0.5224608,-0.5224608,-0.5224608,0.3397,0.1154,-1.1883,0.1434,1,17,19,36,0.049,High,Disability,Disability,Pediatric evaluation of disability inventory - self care,FALSE,FALSE,,"0 -100, higher score indicates more independence ",True ,-1,-0.1434096,1.1883312,-0.5224608,,,-0.5224608
54,duncan_2008,Duncan et al. (2008),-0.4605373,0.4605373,-0.4605373,-0.4605373,0.3384,0.1145,-1.1239,0.2028,1,17,19,36,NS,High,Disability,Disability,Pediatric evaluation of disability inventory - mobility ,FALSE,FALSE,,"0 -100, higher score indicates more independence ",True ,-1,-0.2027775,1.123852,-0.4605373,,,-0.4605373
55,duncan_2008,Duncan et al. (2008),0.8483344,-0.8483344,0.8483344,0.8483344,0.3492,0.1219,0.164,1.5327,1,17,19,36,NS,High,Movement,Movement,Spasticity,FALSE,TRUE,,DO rated spasticity on VAS (0) least severe - (100) most severe,True ,-1,-1.5326679,-0.1640008,0.8483344,,,0.8483344
56,duncan_2008,Duncan et al. (2008),0.1295767,-0.1295767,0.1295767,0.1295767,0.3342,0.1117,-0.5255,0.7846,1,17,19,36,NS,High,Movement,Movement,MAS Bicep,FALSE,TRUE,,Modified ashword schale (0) no increase in tone - (4) affected part in rigid flexion and extension ,True ,-1,-0.7846242,0.5254708,0.1295767,,,0.1295767
57,duncan_2008,Duncan et al. (2008),0.1493141,-0.1493141,0.1493141,0.1493141,0.3343,0.1118,-0.506,0.8046,1,17,19,36,NS,High,Movement,Movement,MAS Hamstring,FALSE,TRUE,,Modified ashword schale (0) no increase in tone - (4) affected part in rigid flexion and extension ,True ,-1,-0.804596,0.5059678,0.1493141,,,0.1493141
58,duncan_2008,Duncan et al. (2008),0.1512634,-0.1512634,0.1512634,0.1512634,0.3343,0.1118,-0.504,0.8066,1,17,19,36,NS,High,Function,Movement,Parent or Guardian measured arched back,FALSE,TRUE,,Parent rated VAS (0) least severe - (100) most severe,True ,-1,-0.8065702,0.5040435,0.1512634,,,0.1512634
59,duncan_2008,Duncan et al. (2008),0.5468865,-0.5468865,0.5468865,0.5468865,0.3403,0.1158,-0.1201,1.2139,1,17,19,36,NS,High,Function,Mental Function ,Parent or Guardian measured startle reflex,FALSE,TRUE,,Parent rated VAS (0) least severe - (100) most severe,True ,-1,-1.2138505,0.1200775,0.5468865,,,0.5468865
60,elden_2013,Elden et al. (2013),0.25791466,-0.25791466,0.25791466,0.25791466,0.1936,0.0375,-0.1214,0.6373,1,51,57,108,0.017,High,Pain ,"Pain, chronic somatic","Pain related to motion, VAS morning ",FALSE,TRUE,,"Visual analog scale 0 - 100, 0 = no pain ",True ,-1,-0.6372782,0.12144891,0.25791466,,,0.25791466
61,elden_2013,Elden et al. (2013),0.36075534,-0.36075534,0.36075534,0.36075534,0.1943,0.0378,-0.0201,0.7416,1,51,57,108,0.084,High,Pain ,"Pain, chronic somatic","Pain related to motion, VAS evening ",FALSE,TRUE,,"Visual analog scale 0 - 100, 0 = no pain ",True ,-1,-0.7416287,0.02011796,0.36075534,,,0.36075534
62,elden_2013,Elden et al. (2013),-0.01266545,0.01266545,-0.01266545,-0.01266545,0.1927,0.0372,-0.3904,0.3651,1,51,57,108,0.275,High,Pain ,"Pain, chronic somatic","Discomfort of pain, VAS",FALSE,FALSE,,"Visual analog scale 0 - 100, 0 = no pain ",True ,-1,-0.3651171,0.39044797,-0.01266545,,,-0.01266545
63,elden_2013,Elden et al. (2013),0.31113588,-0.31113588,0.31113588,0.31113588,0.1939,0.0376,-0.0689,0.6912,1,51,57,108,0.432,High,Disability,Disability,Oswestry Disability Index score,FALSE,TRUE,,0 (no disability) - 50 (completely disabled),True ,-1,-0.6912188,0.06894709,0.31113588,,,0.31113588
64,elden_2013,Elden et al. (2013),0.11197109,-0.11197109,0.11197109,0.11197109,0.1929,0.0372,-0.2661,0.49,1,51,57,108,0.016,High,Disability,Disability,Disability Rating Index,FALSE,TRUE,,without difficulty = 0 and cannot do at all = 100,True ,-1,-0.490049,0.26610682,0.11197109,,,0.11197109
65,elden_2013,Elden et al. (2013),-0.15573147,0.15573147,0.15573147,0.15573147,0.193,0.0373,-0.2226,0.5341,1,51,57,108,0.303,High,Psychological,Mental Health,European Quality of Life Measure - 5 dimensions,TRUE,TRUE,,0 (worst) - 100 (best),True ,1,-0.2226258,0.53408875,0.15573147,,,-0.15573147
66,elden_2013,Elden et al. (2013),-0.2478903,0.2478903,0.2478903,0.2478903,0.1935,0.0374,-0.1314,0.6271,1,51,57,108,0.319,High,Psychological,Mental Health ,European Quality of Life Measure - visual analogue scale ,TRUE,TRUE,,0 (worst) - 100 (best),True ,1,-0.1313527,0.62713331,0.2478903,,,-0.2478903
67,haller_2016,Haller et al. (2016),1.04795296,-1.04795296,1.04795296,1.04795296,0.2908,0.0845,0.4781,1.6178,1,27,27,54,0.001,Low,Pain ,"Pain, chronic somatic",VAS - primary outcome ,FALSE,TRUE,,"Visual analog scale 0 - 100, 0 = no pain ",True ,-1,-1.61784064,-0.47806527,1.04795296,,,1.04795296
68,haller_2016,Haller et al. (2016),1.02130727,-1.02130727,1.02130727,1.02130727,0.2899,0.084,0.4532,1.5894,1,27,27,54,0.001,Low,Pain ,"Pain, chronic somatic",POM,FALSE,TRUE,,"Visual analog scale 0 - 100, 0 = no pain ",True ,-1,-1.58942055,-0.45319398,1.02130727,,,1.02130727
69,haller_2016,Haller et al. (2016),-0.46783198,0.46783198,0.46783198,0.46783198,0.276,0.0762,-0.0731,1.0087,1,27,27,54,0.038,Low,Pain ,"Pain, chronic somatic",Point of Max Pain (PPT),TRUE,TRUE,,Based on linear application of pressure until pain. Lower threshold = worse pain ,True ,1,-0.07306361,1.00872757,0.46783198,,,-0.46783198
70,haller_2016,Haller et al. (2016),-0.51073053,0.51073053,0.51073053,0.51073053,0.2767,0.0766,-0.0316,1.053,1,27,27,54,0.07,Low,Pain ,"Pain, chronic somatic",M. levator scapulae (PPT),TRUE,TRUE,,Based on linear application of pressure until pain. Lower threshold = worse pain ,True ,1,-0.03158435,1.05304542,0.51073053,,,-0.51073053
71,haller_2016,Haller et al. (2016),-0.51071535,0.51071535,0.51071535,0.51071535,0.2767,0.0766,-0.0316,1.053,1,27,27,54,0.042,Low,Pain ,"Pain, chronic somatic",M. trapezius capitis (PPT),TRUE,TRUE,,Based on linear application of pressure until pain. Lower threshold = worse pain ,True ,1,-0.03159901,1.05302971,0.51071535,,,-0.51071535
72,haller_2016,Haller et al. (2016),-0.05068641,0.05068641,0.05068641,0.05068641,0.2722,0.0741,-0.4828,0.5842,1,27,27,54,0.644,Low,Pain ,"Pain, chronic somatic",M. semispinalis capitis (PPT),TRUE,TRUE,,Based on linear application of pressure until pain. Lower threshold = worse pain ,True ,1,-0.48283641,0.58420922,0.05068641,,,-0.05068641
73,haller_2016,Haller et al. (2016),0.63313672,-0.63313672,0.63313672,0.63313672,0.2791,0.0779,0.0861,1.1802,1,27,27,54,0.01,Low,Disability,Disability,Functional disability (NDI),FALSE,TRUE,,1 (no disability) -100 (complete disability),True ,-1,-1.18015887,-0.08611456,0.63313672,,,0.63313672
74,haller_2016,Haller et al. (2016),-0.06007455,0.06007455,0.06007455,0.06007455,0.2722,0.0741,-0.4735,0.5936,1,27,27,54,0.013,Low,Function,Quality of Life,Physical quality of life (SF-12),TRUE,TRUE,,1 (lowest level of health) - 100 (highest),True ,1,-0.47348395,0.59363306,0.06007455,,,-0.06007455
75,haller_2016,Haller et al. (2016),-0.49275362,0.49275362,0.49275362,0.49275362,0.2764,0.0764,-0.049,1.0345,1,27,27,54,0.384,Low,Function,Quality of Life,Physical well being (FEW),TRUE,TRUE,,0 (worse) - 5 (best),True ,1,-0.04895181,1.03445905,0.49275362,,,-0.49275362
76,haller_2016,Haller et al. (2016),-0.30830299,0.30830299,0.30830299,0.30830299,0.2738,0.075,-0.2284,0.845,1,27,27,54,0.178,Low,Psychological,Quality of Life,Mental quality of life (SF-12),TRUE,TRUE,,1 (lowest level of health) - 100 (highest),True ,1,-0.22838457,0.84499055,0.30830299,,,-0.30830299
77,haller_2016,Haller et al. (2016),0.1242609,-0.1242609,0.1242609,0.1242609,0.2724,0.0742,-0.4097,0.6582,1,27,27,54,0.299,Low,Psychological,Mental Health,Anxiety (HADS),FALSE,TRUE,,0 (no disorder) -21 (>10 possible clinical disorder) ,True ,-1,-0.65822531,0.40970351,0.1242609,,,0.1242609
78,haller_2016,Haller et al. (2016),0.15346911,-0.15346911,0.15346911,0.15346911,0.2726,0.0743,-0.3808,0.6877,1,27,27,54,0.329,Low,Psychological,Mental Health,Depression (HADS),FALSE,TRUE,,1 (no disorder) -21 (>10 possible clinical disorder) ,True ,-1,-0.68771163,0.38077342,0.15346911,,,0.15346911
79,haller_2016,Haller et al. (2016),0.22602789,-0.22602789,0.22602789,0.22602789,0.2731,0.0746,-0.3092,0.7612,1,27,27,54,0.912,Low,Psychological,Mental Health,Stress perception (PSQ),FALSE,TRUE,,0 - 1 (indicating high stress),True ,-1,-0.76121339,0.30915761,0.22602789,,,0.22602789
80,haller_2016,Haller et al. (2016),0,0,0,0,0.2722,0.0741,-0.5334,0.5334,1,27,27,54,0.392,Low,Psychological,Mental Health,Pain Acceptance (ERDA),TRUE,TRUE,,lower = less acceptance - higher = higher acceptance ,True ,1,-0.53343463,0.53343463,0,,,0
81,haller_2016,Haller et al. (2016),-0.71378907,0.71378907,0.71378907,0.71378907,0.2809,0.0789,0.1631,1.2644,1,27,27,54,0.001,Low,Psychological,Mental Health,Body awareness (SBC),TRUE,TRUE,,0 -4 (higher body awareness),True ,1,0.16314246,1.26443568,0.71378907,,,-0.71378907
82,haller_2016,Haller et al. (2016),-0.16201639,0.16201639,-0.16201639,-0.16201639,0.2726,0.0743,-0.6964,0.3723,1,27,27,54,0.183,Low,Psychological,Mental Health,Body dissociation (SBC),FALSE,FALSE,,0 -4 (higher dissocation),True ,-1,-0.37231855,0.69635134,-0.16201639,,,-0.16201639
83,haller_2016,Haller et al. (2016),1.08405797,-1.08405797,1.08405797,1.08405797,0.292,0.0853,0.5117,1.6564,1,27,27,54,0,Low,Psychological,Mental Health,Global improvement (PGI-I) ,FALSE,TRUE,,1(very much improved) to 7 (very much worse),True ,-1,-1.65641369,-0.51170225,1.08405797,,,1.08405797
84,haller_2016,Haller et al. (2016),0.8336672,-0.8336672,0.8336672,0.8336672,0.2841,0.0807,0.2769,1.3904,2,27,27,54,0.003,Low,Pain ,"Pain, chronic somatic",VAS,FALSE,TRUE,,"Visual analog scale 0 - 100, 0 = no pain ",True ,-1,-1.3904486,-0.2768859,0.8336672,,,0.8336672
85,haller_2016,Haller et al. (2016),0.7657694,-0.7657694,0.7657694,0.7657694,0.2822,0.0797,0.2126,1.319,2,27,27,54,0.02,Low,Pain ,"Pain, chronic somatic",POM,FALSE,TRUE,,"Visual analog scale 0 - 100, 0 = no pain ",True ,-1,-1.3189676,-0.21257116,0.7657694,,,0.7657694
86,haller_2016,Haller et al. (2016),-0.3378814,0.3378814,0.3378814,0.3378814,0.2742,0.0752,-0.1995,0.8752,2,27,27,54,0.163,Low,Pain ,"Pain, chronic somatic",Point of Max Pain (PPT),TRUE,TRUE,,Based on linear application of pressure until pain. Lower threshold = worse pain ,True ,1,-0.1994579,0.87522068,0.3378814,,,-0.3378814
87,haller_2016,Haller et al. (2016),-0.1985908,0.1985908,0.1985908,0.1985908,0.2729,0.0745,-0.3362,0.7334,2,27,27,54,0.56,Low,Pain ,"Pain, chronic somatic",M. levator scapulae (PPT),TRUE,TRUE,,Based on linear application of pressure until pain. Lower threshold = worse pain ,True ,1,-0.3361959,0.73337756,0.1985908,,,-0.1985908
88,haller_2016,Haller et al. (2016),-0.1231523,0.1231523,0.1231523,0.1231523,0.2724,0.0742,-0.4108,0.6571,2,27,27,54,0.778,Low,Pain ,"Pain, chronic somatic",M. trapezius capitis (PPT),TRUE,TRUE,,Based on linear application of pressure until pain. Lower threshold = worse pain ,True ,1,-0.4108027,0.65710728,0.1231523,,,-0.1231523
89,haller_2016,Haller et al. (2016),-0.2092776,0.2092776,0.2092776,0.2092776,0.2729,0.0745,-0.3257,0.7442,2,27,27,54,0.276,Low,Pain ,"Pain, chronic somatic",M. semispinalis capitis (PPT),TRUE,TRUE,,Based on linear application of pressure until pain. Lower threshold = worse pain ,True ,1,-0.3256584,0.74421357,0.2092776,,,-0.2092776
90,haller_2016,Haller et al. (2016),0.6552097,-0.6552097,0.6552097,0.6552097,0.2796,0.0782,0.1072,1.2032,2,27,27,54,0.006,Low,Function,Disability,Functional disability (NDI),FALSE,TRUE,,1 (no disability) -100 (complete disability),True ,-1,-1.203183,-0.10723646,0.6552097,,,0.6552097
91,haller_2016,Haller et al. (2016),-0.947169,0.947169,0.947169,0.947169,0.2874,0.0826,0.3838,1.5106,2,27,27,54,0,Low,Function,Quality of Life,Physical quality of life (SF-12),TRUE,TRUE,,1 (lowest level of health) - 100 (highest),True ,1,0.3837793,1.51055874,0.947169,,,-0.947169
92,haller_2016,Haller et al. (2016),-0.4181153,0.4181153,0.4181153,0.4181153,0.2752,0.0757,-0.1213,0.9575,2,27,27,54,0.155,Low,Function,Quality of Life,Physical well being (FEW),TRUE,TRUE,,0 (worse) - 5 (best),True ,1,-0.1212871,0.9575177,0.4181153,,,-0.4181153
93,haller_2016,Haller et al. (2016),-0.1924801,0.1924801,0.1924801,0.1924801,0.2728,0.0744,-0.3422,0.7272,2,27,27,54,0.363,Low,Psychological,Quality of Life,Mental quality of life (SF-12),TRUE,TRUE,,1 (lowest level of health) - 100 (highest),True ,1,-0.3422248,0.72718504,0.1924801,,,-0.1924801
94,haller_2016,Haller et al. (2016),0.4373289,-0.4373289,0.4373289,0.4373289,0.2755,0.0759,-0.1026,0.9773,2,27,27,54,0.02,Low,Psychological,Mental Health,Anxiety (HADS),FALSE,TRUE,,0 (no disorder) -21 (>10 possible clinical disorder) ,True ,-1,-0.9772889,0.10263122,0.4373289,,,0.4373289
95,haller_2016,Haller et al. (2016),0.4855937,-0.4855937,0.4855937,0.4855937,0.2763,0.0763,-0.0559,1.0271,2,27,27,54,0.079,Low,Psychological,Mental Health,Depression (HADS),FALSE,TRUE,,1 (no disorder) -21 (>10 possible clinical disorder) ,True ,-1,-1.0270623,0.05587489,0.4855937,,,0.4855937
96,haller_2016,Haller et al. (2016),0.4696523,-0.4696523,0.4696523,0.4696523,0.276,0.0762,-0.0713,1.0106,2,27,27,54,0.171,Low,Psychological,Mental Health,Stress perception (PSQ),FALSE,TRUE,,0 - 1 (indicating high stress),True ,-1,-1.0106056,0.07130108,0.4696523,,,0.4696523
97,haller_2016,Haller et al. (2016),-0.3568945,0.3568945,0.3568945,0.3568945,0.2744,0.0753,-0.1809,0.8947,2,27,27,54,0.146,Low,Psychological,Mental Health,Pain Acceptance (ERDA),TRUE,TRUE,,lower = less acceptance - higher = higher acceptance ,True ,1,-0.1808947,0.89468381,0.3568945,,,-0.3568945
98,haller_2016,Haller et al. (2016),-0.1971014,0.1971014,0.1971014,0.1971014,0.2728,0.0744,-0.3377,0.7319,2,27,27,54,0.33,Low,Psychological,Mental Health,Body awareness (SBC),TRUE,TRUE,,0 -4 (higher body awareness),True ,1,-0.3376651,0.731868,0.1971014,,,-0.1971014
99,haller_2016,Haller et al. (2016),-0.1558224,0.1558224,-0.1558224,-0.1558224,0.2726,0.0743,-0.6901,0.3784,2,27,27,54,0.935,Low,Psychological,Mental Health,Body dissociation (SBC),FALSE,FALSE,,0 -4 (higher dissocation),True ,-1,-0.3784451,0.69008985,-0.1558224,,,-0.1558224
100,haller_2016,Haller et al. (2016),0.7167325,-0.7167325,0.7167325,0.7167325,0.281,0.079,0.1659,1.2675,2,27,27,54,0.029,Low,Psychological,Mental Health,Global improvement (PGI-I) ,FALSE,TRUE,,1(very much improved) to 7 (very much worse),True ,-1,-1.2675192,-0.16594593,0.7167325,,,0.7167325
101,hanten_1999,Hanten et al. (1999),0.2491,-0.2491,0.2491,0.2491,0.3175,0.1008,-0.3732,0.8714,1,20,20,40,0.049,High,Pain ,"Pain, headache","Pain Intensity, VAS",FALSE,TRUE,,"CV4 only, pain was measured in mm, higher indicates more pain ",True ,-1,-0.8714,0.3732,0.2491,,,0.2491
102,hanten_1999,Hanten et al. (1999),0.0678,-0.0678,0.0678,0.0678,0.3163,0.1001,-0.5522,0.6877,1,20,20,40,0.049,High,Pain ,"Pain, headache","Pain Affect, VAS ",FALSE,TRUE,,CV4 only,True ,-1,-0.6877,0.5522,0.0678,,,0.0678
103,hayden_2006,Hayden et al. (2006),-0.2792592,0.2792592,-0.2792592,-0.2792592,0.3799,0.1443,-1.0239,0.4654,1,14,14,28,NA,High,Neonatal - MISC,"Neonate health, behavior",Crying ,FALSE,FALSE,,Crying time / 24hrs ,True ,-1,-0.4653583,1.0238767,-0.2792592,,,-0.2792592
104,hayden_2006,Hayden et al. (2006),0.1294585,-0.1294585,-0.1294585,-0.1294585,0.3784,0.1432,-0.8711,0.6122,1,14,14,28,NA,High,Sleep,"Neonate health, behavior",Sleeping,TRUE,FALSE,,Time spent sleeping /24hrs ,True ,1,-0.871078,0.612161,-0.1294585,,,0.1294585
105,hayden_2006,Hayden et al. (2006),0.2487867,-0.2487867,0.2487867,0.2487867,0.3867,0.1496,-0.5092,1.0068,2,14,14,28,NA,High,Neonatal - MISC,"Neonate health, behavior",Crying ,FALSE,TRUE,,Crying time / 24hrs ,True ,-1,-1.0067902,0.5092168,0.2487867,,,0.2487867
106,hayden_2006,Hayden et al. (2006),-0.3169599,0.3169599,0.3169599,0.3169599,0.3877,0.1503,-0.443,1.0769,2,14,14,28,NA,High,Sleep,"Neonate health, behavior",Sleeping,TRUE,TRUE,,Time spent sleeping /24hrs ,True ,1,-0.4429658,1.0768857,0.3169599,,,-0.3169599
107,hayden_2006,Hayden et al. (2006),0.162479,-0.162479,0.162479,0.162479,0.3929,0.1544,-0.6076,0.9326,3,14,14,28,NA,High,Neonatal - MISC,"Neonate health, behavior",Crying ,FALSE,TRUE,,Crying time / 24hrs ,True ,-1,-0.9325914,0.6076335,0.162479,,,0.162479
108,hayden_2006,Hayden et al. (2006),-0.152365,0.152365,0.152365,0.152365,0.3928,0.1543,-0.6176,0.9223,3,14,14,28,NA,High,Sleep,"Neonate health, behavior",Sleeping,TRUE,TRUE,,Time spent sleeping /24hrs ,True ,1,-0.6175846,0.9223145,0.152365,,,-0.152365
109,hayden_2006,Hayden et al. (2006),0.6630647,-0.6630647,0.6630647,0.6630647,0.4119,0.1697,-0.1442,1.4704,4,14,14,28,NA,High,Neonatal - MISC,"Neonate health, behavior",Crying ,FALSE,TRUE,,Crying time / 24hrs ,True ,-1,-1.4703683,0.1442388,0.6630647,,,0.6630647
110,hayden_2006,Hayden et al. (2006),-0.3432697,0.3432697,0.3432697,0.3432697,0.4035,0.1628,-0.4475,1.134,4,14,14,28,NA,High,Sleep,"Neonate health, behavior",Sleeping,TRUE,TRUE,,Time spent sleeping /24hrs ,True ,1,-0.447489,1.1340284,0.3432697,,,-0.3432697
111,herzhaft_le_roy_2016,Herzhaft Le Roy et al. (2011),-0.1909141,0.1909141,0.1909141,0.1909141,0.2035,0.0414,-0.208,0.5899,1,48,49,97,NA,Low,Neonatal - MISC,"Neonate health, behavior",LATCH Score ,TRUE,TRUE,,"latching skills , higher is better ",True ,1,-0.2080355,0.5898637,0.1909141,,,-0.1909141
112,herzhaft_le_roy_2016,Herzhaft Le Roy et al. (2011),-0.8903634,0.8903634,0.8903634,0.8903634,0.22,0.0484,0.4592,1.3215,2,45,46,91,0.001,Low,Neonatal - MISC,"Neonate health, behavior",LATCH Score ,TRUE,TRUE,,"latching skills , higher is better ",True ,1,0.4592084,1.3215183,0.8903634,,,-0.8903634
113,mataran_penarrocha_2011,Mataran-Penarrocha et al. (2011),0.601224163,-0.601224163,-0.601224163,-0.601224163,0.2232,0.0498,-1.0388,-0.1637,1,41,43,84,0.009,High,Movement,Motor Function ,Short form-36 health survey - Physical Function,TRUE,FALSE,,Best function = higher score out of 100.,True ,1,-1.038773544,-0.16367478,-0.601224163,,,0.601224163
114,mataran_penarrocha_2011,Mataran-Penarrocha et al. (2011),0.530647316,-0.530647316,-0.530647316,-0.530647316,0.2222,0.0494,-0.9661,-0.0952,1,41,43,84,0.019,High,Function,Motor Function ,Short form-36 health survey - Physical Role,TRUE,FALSE,,Best function = higher score out of 100.,True ,1,-0.966065352,-0.09522928,-0.530647316,,,0.530647316
115,mataran_penarrocha_2011,Mataran-Penarrocha et al. (2011),0.478142478,-0.478142478,-0.478142478,-0.478142478,0.2214,0.049,-0.9121,-0.0441,1,41,43,84,0.036,High,Pain ,"Pain, chronic somatic",Short form-36 health survey - Body pain,TRUE,FALSE,,Best function = higher score out of 100.,True ,1,-0.912141574,-0.04414338,-0.478142478,,,0.478142478
116,mataran_penarrocha_2011,Mataran-Penarrocha et al. (2011),0.703011272,-0.703011272,-0.703011272,-0.703011272,0.225,0.0506,-1.1441,-0.2619,1,41,43,84,0.048,High,Function,Quality of Life,Short form-36 health survey - General Health,TRUE,FALSE,,Best function = higher score out of 100.,True ,1,-1.14407983,-0.26194271,-0.703011272,,,0.703011272
117,mataran_penarrocha_2011,Mataran-Penarrocha et al. (2011),-0.488957811,0.488957811,0.488957811,0.488957811,0.2216,0.0491,0.0547,0.9232,1,41,43,84,0.046,High,Psychological,Quality of Life,Short form-36 health survey - Vitality,TRUE,TRUE,,Best function = higher score out of 100.,True ,1,0.054678143,0.92323748,0.488957811,,,-0.488957811
118,mataran_penarrocha_2011,Mataran-Penarrocha et al. (2011),0.500095642,-0.500095642,-0.500095642,-0.500095642,0.2217,0.0492,-0.9347,-0.0655,1,41,43,84,0.028,High,Psychological,Quality of Life,Short form-36 health survey - Social Function ,TRUE,FALSE,,Best function = higher score out of 100.,True ,1,-0.934670612,-0.06552067,-0.500095642,,,0.500095642
119,mataran_penarrocha_2011,Mataran-Penarrocha et al. (2011),0.235104256,-0.235104256,-0.235104256,-0.235104256,0.219,0.048,-0.6644,0.1942,1,41,43,84,0.292,High,Psychological,Quality of Life,Short form-36 health survey - Emotional Role,TRUE,FALSE,,Best function = higher score out of 100.,True ,1,-0.664426709,0.1942182,-0.235104256,,,0.235104256
120,mataran_penarrocha_2011,Mataran-Penarrocha et al. (2011),0.378803791,-0.378803791,-0.378803791,-0.378803791,0.2203,0.0485,-0.8105,0.0529,1,41,43,84,0.069,High,Psychological,Mental Health,Short form-36 health survey - Mental Health,TRUE,FALSE,,Best function = higher score out of 100.,True ,1,-0.810512584,0.052905,-0.378803791,,,0.378803791
121,mataran_penarrocha_2011,Mataran-Penarrocha et al. (2011),-0.896903991,0.896903991,-0.896903991,-0.896903991,0.2292,0.0525,-0.4477,-1.3461,1,41,43,84,0.043,High,Sleep,Sleep,Pittsburgh Sleep Quality Index (PSQI) - PSQ,FALSE,FALSE,,Higher score indicates greater dysfunction,True ,-1,0.44771952,1.34608846,-0.896903991,,,-0.896903991
122,mataran_penarrocha_2011,Mataran-Penarrocha et al. (2011),-0.512826073,0.512826073,-0.512826073,-0.512826073,0.2219,0.0492,-0.0779,-0.9477,1,41,43,84,0.064,High,Sleep,Sleep,Pittsburgh Sleep Quality Index (PSQI) - SL,FALSE,FALSE,,Higher score indicates greater dysfunction,True ,-1,0.077905686,0.94774646,-0.512826073,,,-0.512826073
123,mataran_penarrocha_2011,Mataran-Penarrocha et al. (2011),0.160044798,-0.160044798,0.160044798,0.160044798,0.2186,0.0478,-0.2685,0.5886,1,41,43,84,0.042,High,Sleep,Sleep,Pittsburgh Sleep Quality Index (PSQI) - SD,FALSE,TRUE,,Higher score indicates greater dysfunction,True ,-1,-0.588561961,0.26847236,0.160044798,,,0.160044798
124,mataran_penarrocha_2011,Mataran-Penarrocha et al. (2011),0.448061993,-0.448061993,0.448061993,0.448061993,0.2211,0.0489,0.0148,0.8813,1,41,43,84,0.065,High,Sleep,Sleep,Pittsburgh Sleep Quality Index (PSQI) - HSE,FALSE,TRUE,,Higher score indicates greater dysfunction,True ,-1,-0.881312851,-0.01481114,0.448061993,,,0.448061993
125,mataran_penarrocha_2011,Mataran-Penarrocha et al. (2011),0.417774828,-0.417774828,0.417774828,0.417774828,0.2207,0.0487,-0.0148,0.8503,1,41,43,84,0.04,High,Sleep,Sleep,Pittsburgh Sleep Quality Index (PSQI) - SDI,FALSE,TRUE,,Higher score indicates greater dysfunction,True ,-1,-0.850320228,0.01477057,0.417774828,,,0.417774828
126,mataran_penarrocha_2011,Mataran-Penarrocha et al. (2011),0.863690872,-0.863690872,0.863690872,0.863690872,0.2284,0.0522,0.416,1.3114,1,41,43,84,0.049,High,Sleep,Sleep,Pittsburgh Sleep Quality Index (PSQI) - DD,FALSE,TRUE,,Higher score indicates greater dysfunction,True ,-1,-1.31135675,-0.41602499,0.863690872,,,0.863690872
127,mataran_penarrocha_2011,Mataran-Penarrocha et al. (2011),0.456821542,-0.456821542,-0.456821542,-0.456821542,0.2212,0.0489,-0.8903,-0.0234,2,41,43,84,0.067,High,Movement,Motor Function ,Short form-36 health survey - Physical Function,TRUE,FALSE,,Best function = higher score out of 100.,True ,1,-0.890285405,-0.02335768,-0.456821542,,,0.456821542
128,mataran_penarrocha_2011,Mataran-Penarrocha et al. (2011),0.227049781,-0.227049781,-0.227049781,-0.227049781,0.219,0.048,-0.6563,0.2022,2,41,43,84,0.052,High,Function,Motor Function ,Short form-36 health survey - Physical Role,TRUE,FALSE,,Best function = higher score out of 100.,True ,1,-0.65627125,0.20217169,-0.227049781,,,0.227049781
129,mataran_penarrocha_2011,Mataran-Penarrocha et al. (2011),0.418498296,-0.418498296,-0.418498296,-0.418498296,0.2207,0.0487,-0.8511,0.0141,2,41,43,84,0.087,High,Pain ,"Pain, chronic somatic",Short form-36 health survey - Body pain,TRUE,FALSE,,Best function = higher score out of 100.,True ,1,-0.851059985,0.01406339,-0.418498296,,,0.418498296
130,mataran_penarrocha_2011,Mataran-Penarrocha et al. (2011),0.340731838,-0.340731838,-0.340731838,-0.340731838,0.2199,0.0483,-0.7717,0.0902,2,41,43,84,0.05,High,Function,Quality of Life,Short form-36 health survey - General Health,TRUE,FALSE,,Best function = higher score out of 100.,True ,1,-0.771701023,0.09023735,-0.340731838,,,0.340731838
131,mataran_penarrocha_2011,Mataran-Penarrocha et al. (2011),-0.314651074,0.314651074,0.314651074,0.314651074,0.2197,0.0482,-0.1159,0.7452,2,41,43,84,0.075,High,Psychological,Quality of Life,Short form-36 health survey - Vitality,TRUE,TRUE,,Best function = higher score out of 100.,True ,1,-0.115855981,0.74515813,0.314651074,,,-0.314651074
132,mataran_penarrocha_2011,Mataran-Penarrocha et al. (2011),0.278169819,-0.278169819,-0.278169819,-0.278169819,0.2194,0.0481,-0.7081,0.1518,2,41,43,84,0.053,High,Psychological,Quality of Life,Short form-36 health survey - Social Function ,TRUE,FALSE,,Best function = higher score out of 100.,True ,1,-0.70809145,0.15175181,-0.278169819,,,0.278169819
133,mataran_penarrocha_2011,Mataran-Penarrocha et al. (2011),-0.514974131,0.514974131,0.514974131,0.514974131,0.2219,0.0493,0.08,0.95,2,41,43,84,0.074,High,Psychological,Quality of Life,Short form-36 health survey - Emotional Role,TRUE,TRUE,,Best function = higher score out of 100.,True ,1,0.079994632,0.94995363,0.514974131,,,-0.514974131
134,mataran_penarrocha_2011,Mataran-Penarrocha et al. (2011),0.352563402,-0.352563402,-0.352563402,-0.352563402,0.22,0.0484,-0.7838,0.0786,2,41,43,84,0.093,High,Psychological,Mental Health,Short form-36 health survey - Mental Health,TRUE,FALSE,,Best function = higher score out of 100.,True ,1,-0.783754185,0.07862738,-0.352563402,,,0.352563402
135,mataran_penarrocha_2011,Mataran-Penarrocha et al. (2011),-0.294222755,0.294222755,-0.294222755,-0.294222755,0.2195,0.0482,-0.7244,0.1359,2,41,43,84,0.105,High,Sleep,Sleep,Pittsburgh Sleep Quality Index (PSQI) - PSQ,FALSE,FALSE,,Higher score indicates greater dysfunction,True ,-1,-0.135947702,0.72439321,-0.294222755,,,-0.294222755
136,mataran_penarrocha_2011,Mataran-Penarrocha et al. (2011),0.253362026,-0.253362026,0.253362026,0.253362026,0.2192,0.048,-0.1762,0.6829,2,41,43,84,0.039,High,Sleep,Sleep,Pittsburgh Sleep Quality Index (PSQI) - SL,FALSE,TRUE,,Higher score indicates greater dysfunction,True ,-1,-0.682926325,0.17620227,0.253362026,,,0.253362026
137,mataran_penarrocha_2011,Mataran-Penarrocha et al. (2011),0.154024257,-0.154024257,0.154024257,0.154024257,0.2186,0.0478,-0.2744,0.5825,2,41,43,84,0.047,High,Sleep,Sleep,Pittsburgh Sleep Quality Index (PSQI) - SD,FALSE,TRUE,,Higher score indicates greater dysfunction,True ,-1,-0.582490029,0.27444152,0.154024257,,,0.154024257
138,mataran_penarrocha_2011,Mataran-Penarrocha et al. (2011),0.526791525,-0.526791525,0.526791525,0.526791525,0.2221,0.0493,0.0915,0.9621,2,41,43,84,0.045,High,Sleep,Sleep,Pittsburgh Sleep Quality Index (PSQI) - HSE,FALSE,TRUE,,Higher score indicates greater dysfunction,True ,-1,-0.962100498,-0.09148255,0.526791525,,,0.526791525
139,mataran_penarrocha_2011,Mataran-Penarrocha et al. (2011),-0.097822649,0.097822649,-0.097822649,-0.097822649,0.2184,0.0477,-0.5259,0.3303,2,41,43,84,0.367,High,Sleep,Sleep,Pittsburgh Sleep Quality Index (PSQI) - SDI,FALSE,FALSE,,Higher score indicates greater dysfunction,True ,-1,-0.330258242,0.52590354,-0.097822649,,,-0.097822649
140,mataran_penarrocha_2011,Mataran-Penarrocha et al. (2011),0.410390408,-0.410390408,0.410390408,0.410390408,0.2206,0.0487,-0.022,0.8428,2,41,43,84,0.24,High,Sleep,Sleep,Pittsburgh Sleep Quality Index (PSQI) - DD,FALSE,TRUE,,Higher score indicates greater dysfunction,True ,-1,-0.842771126,0.02199031,0.410390408,,,0.410390408
141,mataran_penarrocha_2011,Mataran-Penarrocha et al. (2011),0.176238457,-0.176238457,-0.176238457,-0.176238457,0.2187,0.0478,-0.6049,0.2524,3,41,43,84,0.121,High,Movement,Motor Function ,Short form-36 health survey - Physical Role,TRUE,FALSE,,Best function = higher score out of 100.,True ,1,-0.604903588,0.25242667,-0.176238457,,,0.176238457
142,mataran_penarrocha_2011,Mataran-Penarrocha et al. (2011),0.28123217,-0.28123217,-0.28123217,-0.28123217,0.2194,0.0481,-0.7112,0.1487,3,41,43,84,0.234,High,Pain ,Motor Function ,Short form-36 health survey - Body pain,TRUE,FALSE,,Best function = higher score out of 100.,True ,1,-0.711200201,0.14873586,-0.28123217,,,0.28123217
143,mataran_penarrocha_2011,Mataran-Penarrocha et al. (2011),0.146378351,-0.146378351,-0.146378351,-0.146378351,0.2186,0.0478,-0.5748,0.282,3,41,43,84,0.321,High,Function,"Pain, chronic somatic",Short form-36 health survey - General Health,TRUE,FALSE,,Best function = higher score out of 100.,True ,1,-0.574781691,0.28202499,-0.146378351,,,0.146378351
144,mataran_penarrocha_2011,Mataran-Penarrocha et al. (2011),-0.431139663,0.431139663,0.431139663,0.431139663,0.2208,0.0488,-0.0017,0.864,3,41,43,84,0.201,High,Function,Quality of Life,Short form-36 health survey - Vitality,TRUE,TRUE,,Best function = higher score out of 100.,True ,1,-0.001711091,0.86399042,0.431139663,,,-0.431139663
145,mataran_penarrocha_2011,Mataran-Penarrocha et al. (2011),0.417416631,-0.417416631,-0.417416631,-0.417416631,0.2207,0.0487,-0.85,0.0151,3,41,43,84,0.067,High,Psychological,Quality of Life,Short form-36 health survey - Social Function ,TRUE,FALSE,,Best function = higher score out of 100.,True ,1,-0.849953975,0.01512071,-0.417416631,,,0.417416631
146,mataran_penarrocha_2011,Mataran-Penarrocha et al. (2011),-0.115167288,0.115167288,0.115167288,0.115167288,0.2185,0.0477,-0.313,0.5433,3,41,43,84,0.135,High,Psychological,Quality of Life,Short form-36 health survey - Emotional Role,TRUE,TRUE,,Best function = higher score out of 100.,True ,1,-0.31301409,0.54334867,0.115167288,,,-0.115167288
147,mataran_penarrocha_2011,Mataran-Penarrocha et al. (2011),0.373693141,-0.373693141,-0.373693141,-0.373693141,0.2202,0.0485,-0.8053,0.0579,3,41,43,84,0.083,High,Psychological,Mental Health,Short form-36 health survey - Mental Health,TRUE,FALSE,,Best function = higher score out of 100.,True ,1,-0.805298179,0.0579119,-0.373693141,,,0.373693141
148,mataran_penarrocha_2011,Mataran-Penarrocha et al. (2011),-0.381998632,0.381998632,-0.381998632,-0.381998632,0.2203,0.0485,-0.8138,0.0498,3,41,43,84,0.054,High,Sleep,Sleep,Pittsburgh Sleep Quality Index (PSQI) - PSQ,FALSE,FALSE,,Higher score indicates greater dysfunction,True ,-1,-0.049775724,0.81377299,-0.381998632,,,-0.381998632
149,mataran_penarrocha_2011,Mataran-Penarrocha et al. (2011),-0.003779605,0.003779605,-0.003779605,-0.003779605,0.2183,0.0476,-0.4316,0.424,3,41,43,84,0.132,High,Sleep,Sleep,Pittsburgh Sleep Quality Index (PSQI) - SL,FALSE,FALSE,,Higher score indicates greater dysfunction,True ,-1,-0.424041271,0.43160048,-0.003779605,,,-0.003779605
150,mataran_penarrocha_2011,Mataran-Penarrocha et al. (2011),0.252925102,-0.252925102,0.252925102,0.252925102,0.2192,0.048,-0.1766,0.6825,3,41,43,84,0.04,High,Sleep,Sleep,Pittsburgh Sleep Quality Index (PSQI) - SD,FALSE,TRUE,,Higher score indicates greater dysfunction,True ,-1,-0.682483404,0.1766332,0.252925102,,,0.252925102
151,mataran_penarrocha_2011,Mataran-Penarrocha et al. (2011),0.463112399,-0.463112399,0.463112399,0.463112399,0.2212,0.0489,0.0295,0.8967,3,41,43,84,0.044,High,Sleep,Sleep,Pittsburgh Sleep Quality Index (PSQI) - HSE,FALSE,TRUE,,Higher score indicates greater dysfunction,True ,-1,-0.896731715,-0.02949308,0.463112399,,,0.463112399
152,mataran_penarrocha_2011,Mataran-Penarrocha et al. (2011),-0.032906733,0.032906733,-0.032906733,-0.032906733,0.2183,0.0477,-0.4608,0.3949,3,41,43,84,0.088,High,Sleep,Sleep,Pittsburgh Sleep Quality Index (PSQI) - SDI,FALSE,FALSE,,Higher score indicates greater dysfunction,True ,-1,-0.394943229,0.4607567,-0.032906733,,,-0.032906733
153,mataran_penarrocha_2011,Mataran-Penarrocha et al. (2011),-0.178095786,0.178095786,-0.178095786,-0.178095786,0.2187,0.0478,-0.6068,0.2506,3,41,43,84,0.039,High,Sleep,Sleep,Pittsburgh Sleep Quality Index (PSQI) - DD,FALSE,FALSE,,Higher score indicates greater dysfunction,True ,-1,-0.250587224,0.6067788,-0.178095786,,,-0.178095786
154,munoz_gomez_2022,Munoz-Gomez et al. (2022),0.7095953,-0.7095953,0.7095953,0.7095953,0.2919,0.0852,0.1375,1.2817,1,25,25,50,0.01,Some Concern,Pain ,"Pain, headache",VAS,FALSE,TRUE,,0 = “absence of pain” and 10 = “worst pain imaginable”,True ,-1,-1.2816807,-0.13750993,0.7095953,,,0.7095953
155,munoz_gomez_2022,Munoz-Gomez et al. (2022),1.0086672,-1.0086672,1.0086672,1.0086672,0.3008,0.0905,0.419,1.5983,1,25,25,50,0.001,Some Concern,Disability,Disability,Functional disability (HDI),FALSE,TRUE,,0 = “no disability” to 100 = “maximum disability”,True ,-1,-1.598292,-0.41904242,1.0086672,,,1.0086672
156,munoz_gomez_2022,Munoz-Gomez et al. (2022),0.4108352,-0.4108352,0.4108352,0.4108352,0.2859,0.0817,-0.1495,0.9712,1,25,25,50,0.15,Some Concern,Disability,Disability,Emotional disability (HDI),FALSE,TRUE,,0 = “no disability” to 100 = “maximum disability”,True ,-1,-0.9712004,0.14952993,0.4108352,,,0.4108352
157,munoz_gomez_2022,Munoz-Gomez et al. (2022),0.7002905,-0.7002905,0.7002905,0.7002905,0.2917,0.0851,0.1287,1.2719,1,25,25,50,0.02,Some Concern,Disability,Disability,Overal disability (HDI),FALSE,TRUE,,0 = “no disability” to 100 = “maximum disability”,True ,-1,-1.271921,-0.12865988,0.7002905,,,0.7002905
158,munoz_gomez_2022,Munoz-Gomez et al. (2022),-0.883189,0.883189,0.883189,0.883189,0.2967,0.0881,0.3016,1.4648,1,25,24,49,0.01,Some Concern,Function,"Pain, headache medication use",Medication Intake ,TRUE,TRUE,,% relative frequency  ,True ,1,0.3016008,1.46477727,0.883189,,,-0.883189
159,munoz_gomez_2022,Munoz-Gomez et al. (2022),1.1202,-1.1202,-1.1202,-1.1202,0.3254,0.1059,-1.758,-0.4824,1,25,25,50,NA,Some Concern,Psychological,Quality of Life,Self Percieved Change After Treatment (PGIC),TRUE,FALSE,,Minimally worse to very much improved ,True ,1,-1.758,-0.4824,-1.1202,,,1.1202
160,munoz_gomez_2022,Munoz-Gomez et al. (2022),0.6429353,-0.6429353,0.6429353,0.6429353,0.2903,0.0843,0.074,1.2119,2,25,25,50,0.66,Some Concern,Pain ,"Pain, headache",VAS,FALSE,TRUE,,0 = “absence of pain” and 10 = “worst pain imaginable”,True ,-1,-1.2118877,-0.07398292,0.6429353,,,0.6429353
161,munoz_gomez_2022,Munoz-Gomez et al. (2022),0.8757815,-0.8757815,0.8757815,0.8757815,0.2965,0.0879,0.2946,1.4569,2,25,25,50,0.003,Some Concern,Disability,Disability,Functional disability (HDI),FALSE,TRUE,,0 = “no disability” to 100 = “maximum disability”,True ,-1,-1.4569255,-0.29463761,0.8757815,,,0.8757815
162,munoz_gomez_2022,Munoz-Gomez et al. (2022),0.3472635,-0.3472635,0.3472635,0.3472635,0.285,0.0812,-0.2114,0.9059,2,25,25,50,0.22,Some Concern,Disability,Disability,Emotional disability (HDI),FALSE,TRUE,,0 = “no disability” to 100 = “maximum disability”,True ,-1,-0.905921,0.21139405,0.3472635,,,0.3472635
163,munoz_gomez_2022,Munoz-Gomez et al. (2022),0.6075781,-0.6075781,0.6075781,0.6075781,0.2895,0.0838,0.0402,1.175,2,25,25,50,0.03,Some Concern,Disability,Disability,Overal disability (HDI),FALSE,TRUE,,0 = “no disability” to 100 = “maximum disability”,True ,-1,-1.1749878,-0.04016851,0.6075781,,,0.6075781
164,munoz_gomez_2022,Munoz-Gomez et al. (2022),-0.6957569,0.6957569,0.6957569,0.6957569,0.2915,0.085,0.1243,1.2672,2,25,24,49,0.02,Some Concern,Function,"Pain, headache medication use",Medication Intake ,TRUE,TRUE,,% relative frequency  ,True ,1,0.1243459,1.26716792,0.6957569,,,-0.6957569
165,munoz_gomez_2022,Munoz-Gomez et al. (2022),1.6167,-1.6167,-1.6167,-1.6167,0.366,0.124,-2.3341,-0.8984,2,25,25,50,NA,Some Concern,Psychological,Mental Health,Self Perceived Change After Treatment (PGIC),TRUE,FALSE,,Minimally worse to very much improved ,True ,1,-2.3341,-0.8984,-1.6167,,,1.6167
166,mazreati_2021,Mazreati et al. (2021),1.393558,-1.393558,1.393558,1.393558,0.3072,0.0944,-1.9957,-0.7915,1,26,27,53,NA,High,Pain ,"Pain, chronic somatic",Sensory,FALSE,TRUE,,McGill Pain Questionnaire,True ,-1,1.995663,0.7914532,1.393558,,,1.393558
167,mazreati_2021,Mazreati et al. (2021),1.263788,-1.263788,1.263788,1.263788,0.3017,0.091,-1.8551,-0.6725,1,26,27,53,NA,High,Pain ,"Pain, chronic somatic",Affective,FALSE,TRUE,,McGill Pain Questionnaire,True ,-1,1.855104,0.6724709,1.263788,,,1.263788
168,mazreati_2021,Mazreati et al. (2021),7.722505,-7.722505,7.722505,7.722505,0.8094,0.6551,-9.3089,-6.1361,1,26,27,53,NA,High,Pain ,"Pain, chronic somatic",Pain evaluation,FALSE,TRUE,,McGill Pain Questionnaire,True ,-1,9.308887,6.136123,7.722505,,,7.722505
169,mazreati_2021,Mazreati et al. (2021),1.304317,-1.304317,1.304317,1.304317,0.3034,0.092,-1.8989,-0.7097,1,26,27,53,NA,High,Pain ,"Pain, chronic somatic",Miscellanceous,FALSE,TRUE,,McGill Pain Questionnaire,True ,-1,1.898911,0.7097236,1.304317,,,1.304317
170,mazreati_2021,Mazreati et al. (2021),2.788891,-2.788891,2.788891,2.788891,0.3887,0.1511,-3.5507,-2.027,1,26,27,53,NA,High,Pain ,"Pain, chronic somatic",Total score of pain intensity ,FALSE,TRUE,,McGill Pain Questionnaire,True ,-1,3.550742,2.02704,2.788891,,,2.788891
171,mazreati_2021,Mazreati et al. (2021),4.515733,-4.515733,4.515733,4.515733,0.5232,0.2737,-5.5411,-3.4904,2,26,27,53,NA,High,Pain ,"Pain, chronic somatic",Sensory,FALSE,TRUE,,McGill Pain Questionnaire,True ,-1,5.541093,3.4903716,4.515733,,,4.515733
172,mazreati_2021,Mazreati et al. (2021),6.749139,-6.749139,6.749139,6.749139,0.7199,0.5182,-8.1601,-5.3382,2,26,27,53,NA,High,Pain ,"Pain, chronic somatic",Affective,FALSE,TRUE,,McGill Pain Questionnaire,True ,-1,8.160057,5.3382204,6.749139,,,6.749139
173,mazreati_2021,Mazreati et al. (2021),5.729409,-5.729409,5.729409,5.729409,0.6281,0.3945,-6.9605,-4.4983,2,26,27,53,NA,High,Pain ,"Pain, chronic somatic",Pain evaluation,FALSE,TRUE,,McGill Pain Questionnaire,True ,-1,6.960508,4.4983092,5.729409,,,5.729409
174,mazreati_2021,Mazreati et al. (2021),2.676825,-2.676825,2.676825,2.676825,0.381,0.1451,-3.4235,-1.9301,2,26,27,53,NA,High,Pain ,"Pain, chronic somatic",Miscellanceous,FALSE,TRUE,,McGill Pain Questionnaire,True ,-1,3.423516,1.930133,2.676825,,,2.676825
175,mazreati_2021,Mazreati et al. (2021),4.198556,-4.198556,4.198556,4.198556,0.4968,0.2468,-5.1723,-3.2248,2,26,27,53,NA,High,Pain ,"Pain, chronic somatic",Total score of pain intensity ,FALSE,TRUE,,McGill Pain Questionnaire,True ,-1,5.172296,3.2248151,4.198556,,,4.198556
176,philippi_2006,Philippi et al. (2006),-1.2542,1.2542,1.2542,1.2542,0.3884,0.1509,0.4929,2.0154,1,16,16,32,0.001,Low,Function,"Neonate health, structure",Total score difference,TRUE,TRUE,," (6 - 24; 24 indicates maximal asymmetry), larger mean value is better ",True ,1,0.4929,2.0154,1.2542,,,-1.2542
177,philippi_2006,Philippi et al. (2006),1.155,-1.155,1.155,1.155,0.3833,0.1469,0.4037,1.9063,1,16,16,32,NA,Low,Function,"Neonate health, structure",Mean score,FALSE,TRUE,, (6 - 24; 24 indicates maximal asymmetry) ,True ,-1,-1.9063,-0.4037,1.155,,,1.155
178,raith_2016,Raith et al. (2016),0.6075,-0.6075,0.6075,0.6075,0.5303,0.2812,-0.4318,1.6468,1,12,13,25,NS,Low,Function,"Neonate health, behavior",GMA,FALSE,TRUE,,first calculated OR then transformed to hedge's g  ,True ,-1,-1.6468,0.4318,0.6075,,,0.6075
179,raith_2016,Raith et al. (2016),0.0511,-0.0511,-0.0511,-0.0511,0.4004,0.1603,-0.8359,0.7336,1,12,13,25,0.049,Low,Function,"Neonate health, behavior",GMOS ,TRUE,FALSE,,max 42 = normal movement,True ,1,-0.8359,0.7336,-0.0511,,,0.0511
180,sandhouse_2016,Sandhouse et al. (2016),-0.1356082,0.1356082,0.1356082,0.1356082,0.2126,0.0452,-0.281,0.5523,1,42,47,89,NA,High,Vision,Vision,distance visual acuity testing  - OD,TRUE,TRUE,,"Best out of 70. The participant was scored on the number 
of letters that he or she read correctly out of 
a total of 70",True ,1,-0.2810455,0.55226186,0.1356082,,,-0.1356082
181,sandhouse_2016,Sandhouse et al. (2016),-0.09096499,0.09096499,0.09096499,0.09096499,0.2124,0.0451,-0.3254,0.5074,1,42,47,89,NA,High,Vision,Vision,distance visual acuity testing  - OS,TRUE,TRUE,,"Best out of 70. The participant was scored on the number 
of letters that he or she read correctly out of 
a total of 70",True ,1,-0.3254221,0.50735204,0.09096499,,,-0.09096499
182,sandhouse_2016,Sandhouse et al. (2016),7.64E-05,-7.64E-05,7.64E-05,7.64E-05,0.2123,0.0451,-0.4161,0.4162,1,42,47,89,NA,High,Vision,Vision,accommodative system testing - OD,FALSE,TRUE,,"Closer is better I believe. The accommodative 
amplitude (in diopters) was recorded as the 
reciprocal of the distance (in meters) from the 
card to the participants at the first sustained blur.",True ,-1,-0.4162452,0.41609245,7.64E-05,,,7.64E-05
183,sandhouse_2016,Sandhouse et al. (2016),0.04645325,-0.04645325,0.04645325,0.04645325,0.2124,0.0451,-0.3698,0.4627,1,42,47,89,NA,High,Vision,Vision,accommodative system testing - OS,FALSE,TRUE,,"Closer is better I believe. The accommodative 
amplitude (in diopters) was recorded as the 
reciprocal of the distance (in meters) from the 
card to the participants at the first sustained blur.",True ,-1,-0.462679,0.36977248,0.04645325,,,0.04645325
184,sandhouse_2016,Sandhouse et al. (2016),0.1543404,-0.1543404,0.1543404,0.1543404,0.2127,0.0452,-0.2625,0.5711,1,42,47,89,NA,High,Vision,Vision,local stereoacuity testing,FALSE,TRUE,,Lower is better,True ,-1,-0.5711372,0.26245635,0.1543404,,,0.1543404
185,sandhouse_2016,Sandhouse et al. (2016),0.07154729,-0.07154729,0.07154729,0.07154729,0.2124,0.0451,-0.3448,0.4879,1,42,47,89,NA,High,Vision,Vision,pupillary size measurement - OD Bright,FALSE,TRUE,,N/A,True ,-1,-0.4878511,0.34475654,0.07154729,,,0.07154729
186,sandhouse_2016,Sandhouse et al. (2016),0.110174,-0.110174,0.110174,0.110174,0.2125,0.0452,-0.3063,0.5267,1,42,47,89,NA,High,Vision,Vision,pupillary size measurement - OS Bright,FALSE,TRUE,,N/A,True ,-1,-0.5266629,0.30631497,0.110174,,,0.110174
187,sandhouse_2016,Sandhouse et al. (2016),-0.1408216,0.1408216,-0.1408216,-0.1408216,0.2126,0.0452,-0.5575,0.2759,1,42,47,89,NA,High,Vision,Vision,pupillary size measurement - OD Dim,FALSE,FALSE,,N/A,True ,-1,-0.27587,0.55751329,-0.1408216,,,-0.1408216
188,sandhouse_2016,Sandhouse et al. (2016),-0.07448722,0.07448722,-0.07448722,-0.07448722,0.2124,0.0451,-0.4908,0.3418,1,42,47,89,NA,High,Vision,Vision,pupillary size measurement - OS DIM,FALSE,FALSE,,N/A,True ,-1,-0.3418279,0.49080238,-0.07448722,,,-0.07448722
189,sandhouse_2016,Sandhouse et al. (2016),0.04321778,-0.04321778,0.04321778,0.04321778,0.2124,0.0451,-0.373,0.4594,1,42,47,89,NA,High,Vision,Vision,vergence system testing - CT near prism D,FALSE,TRUE,,N/A,True ,-1,-0.4594359,0.37300029,0.04321778,,,0.04321778
190,sandhouse_2016,Sandhouse et al. (2016),-0.174673,0.174673,-0.174673,-0.174673,0.2127,0.0453,-0.5916,0.2423,1,42,47,89,NA,High,Vision,Vision,vergence system testing - NPC break,FALSE,FALSE,,Lower is better,True ,-1,-0.2422999,0.59164602,-0.174673,,,-0.174673
191,sandhouse_2016,Sandhouse et al. (2016),-0.006511223,0.006511223,-0.006511223,-0.006511223,0.2123,0.0451,-0.4227,0.4097,1,42,47,89,NA,High,Vision,Vision,vergence system testing - NPC recovery,FALSE,FALSE,,Lower is better,True ,-1,-0.4096587,0.42268114,-0.006511223,,,-0.006511223
192,sandhouse_2016,Sandhouse et al. (2016),-0.1703915,0.1703915,0.1703915,0.1703915,0.2127,0.0453,-0.2465,0.5873,2,42,47,89,NA,High,Vision,Vision,distance visual acuity testing  - OD,TRUE,TRUE,,"Best out of 70. The participant was scored on the number 
of letters that he or she read correctly out of 
a total of 70",True ,1,-0.2465426,0.58732556,0.1703915,,,-0.1703915
193,sandhouse_2016,Sandhouse et al. (2016),0.1043861,-0.1043861,-0.1043861,-0.1043861,0.2125,0.0451,-0.5208,0.3121,2,42,47,89,NA,High,Vision,Vision,distance visual acuity testing  - OS,TRUE,FALSE,,"Best out of 70. The participant was scored on the number 
of letters that he or she read correctly out of 
a total of 70",True ,1,-0.5208423,0.31207007,-0.1043861,,,0.1043861
194,sandhouse_2016,Sandhouse et al. (2016),0.370421,-0.370421,0.370421,0.370421,0.2142,0.0459,-0.0494,0.7902,2,42,47,89,NA,High,Vision,Vision,accommodative system testing - OD,FALSE,TRUE,,"Closer is better I believe. The accommodative 
amplitude (in diopters) was recorded as the 
reciprocal of the distance (in meters) from the 
card to the participants at the first sustained blur.",True ,-1,-0.7901942,0.0493522,0.370421,,,0.370421
195,sandhouse_2016,Sandhouse et al. (2016),0.3380686,-0.3380686,0.3380686,0.3380686,0.2139,0.0457,-0.0811,0.7572,2,42,47,89,NA,High,Vision,Vision,accommodative system testing - OS,FALSE,TRUE,,"Closer is better I believe. The accommodative 
amplitude (in diopters) was recorded as the 
reciprocal of the distance (in meters) from the 
card to the participants at the first sustained blur.",True ,-1,-0.7572418,0.08110466,0.3380686,,,0.3380686
196,sandhouse_2016,Sandhouse et al. (2016),0.09023292,-0.09023292,0.09023292,0.09023292,0.2124,0.0451,-0.3262,0.5066,2,42,47,89,NA,High,Vision,Vision,local stereoacuity testing,FALSE,TRUE,,Lower is better,True ,-1,-0.5066165,0.32615063,0.09023292,,,0.09023292
197,sandhouse_2016,Sandhouse et al. (2016),-0.01803811,0.01803811,-0.01803811,-0.01803811,0.2123,0.0451,-0.4342,0.3981,2,42,47,89,NA,High,Vision,Vision,pupillary size measurement - OD Bright,FALSE,FALSE,,N/A,True ,-1,-0.3981393,0.43421549,-0.01803811,,,-0.01803811
198,sandhouse_2016,Sandhouse et al. (2016),-0.04430767,0.04430767,-0.04430767,-0.04430767,0.2124,0.0451,-0.4605,0.3719,2,42,47,89,NA,High,Vision,Vision,pupillary size measurement - OS Bright,FALSE,FALSE,,N/A,True ,-1,-0.3719129,0.46052827,-0.04430767,,,-0.04430767
199,sandhouse_2016,Sandhouse et al. (2016),0.01516946,-0.01516946,0.01516946,0.01516946,0.2123,0.0451,-0.401,0.4313,2,42,47,89,NA,High,Vision,Vision,pupillary size measurement - OD Dim,FALSE,TRUE,,N/A,True ,-1,-0.4313443,0.40100542,0.01516946,,,0.01516946
200,sandhouse_2016,Sandhouse et al. (2016),0,0,0,0,0.2123,0.0451,-0.4162,0.4162,2,42,47,89,NA,High,Vision,Vision,pupillary size measurement - OS DIM,FALSE,TRUE,,N/A,True ,-1,-0.4161688,0.4161688,0,,,0
201,sandhouse_2016,Sandhouse et al. (2016),0.03211614,-0.03211614,0.03211614,0.03211614,0.2123,0.0451,-0.3841,0.4483,2,42,47,89,NA,High,Vision,Vision,vergence system testing - CT near prism D,FALSE,TRUE,,N/A,True ,-1,-0.4483122,0.38407987,0.03211614,,,0.03211614
202,sandhouse_2016,Sandhouse et al. (2016),0.1601101,-0.1601101,0.1601101,0.1601101,0.2127,0.0452,-0.2567,0.577,2,42,47,89,NA,High,Vision,Vision,vergence system testing - NPC break,FALSE,TRUE,,Lower is better,True ,-1,-0.5769547,0.25673447,0.1601101,,,0.1601101
203,sandhouse_2016,Sandhouse et al. (2016),-0.1589979,0.1589979,-0.1589979,-0.1589979,0.2127,0.0452,-0.5758,0.2578,2,42,47,89,NA,High,Vision,Vision,vergence system testing - NPC recovery,FALSE,FALSE,,Lower is better,True ,-1,-0.2578374,0.57583308,-0.1589979,,,-0.1589979
204,sandhouse_2011,Sandhouse et al. (2011),-0.5400515,0.5400515,0.5400515,0.5400515,0.3787,0.1434,-0.2022,1.2823,1,14,15,29,NS,High,Vision,Vision,distance visual acuity testing  - OD,TRUE,TRUE,,"Best out of 70. The participant was scored on the number 
of letters that he or she read correctly out of 
a total of 70",True ,1,-0.2021982,1.2823012,0.5400515,,,-0.5400515
205,sandhouse_2011,Sandhouse et al. (2011),-0.3583375,0.3583375,0.3583375,0.3583375,0.3748,0.1404,-0.3762,1.0928,1,14,15,29,NS,High,Vision,Vision,distance visual acuity testing  - OS,TRUE,TRUE,,"Best out of 70. The participant was scored on the number 
of letters that he or she read correctly out of 
a total of 70",True ,1,-0.376162,1.092837,0.3583375,,,-0.3583375
206,sandhouse_2011,Sandhouse et al. (2011),-0.35721855,0.35721855,-0.35721855,-0.35721855,0.3747,0.1404,-1.0917,0.3772,1,14,15,29,NS,High,Vision,Vision,accommodative system testing - OD,FALSE,FALSE,,"Closer is better I believe. The accommodative 
amplitude (in diopters) was recorded as the 
reciprocal of the distance (in meters) from the 
card to the participants at the first sustained blur.",True ,-1,-0.3772427,1.0916798,-0.35721855,,,-0.35721855
207,sandhouse_2011,Sandhouse et al. (2011),-0.30993755,0.30993755,-0.30993755,-0.30993755,0.374,0.1398,-1.0429,0.423,1,14,15,29,NS,High,Vision,Vision,accommodative system testing - OS,FALSE,FALSE,,"Closer is better I believe. The accommodative 
amplitude (in diopters) was recorded as the 
reciprocal of the distance (in meters) from the 
card to the participants at the first sustained blur.",True ,-1,-0.4230167,1.0428917,-0.30993755,,,-0.30993755
208,sandhouse_2011,Sandhouse et al. (2011),0.14008743,-0.14008743,0.14008743,0.14008743,0.3721,0.1385,-0.5892,0.8694,1,14,15,29,NS,High,Vision,Vision,local stereoacuity testing,FALSE,TRUE,,Lower is better,True ,-1,-0.8693768,0.589202,0.14008743,,,0.14008743
209,sandhouse_2011,Sandhouse et al. (2011),-0.01371048,0.01371048,-0.01371048,-0.01371048,0.3716,0.1381,-0.7421,0.7146,1,14,15,29,NS,High,Vision,Vision,pupillary size measurement - OD Bright,FALSE,FALSE,,N/A,True ,-1,-0.7146441,0.742065,-0.01371048,,,-0.01371048
210,sandhouse_2011,Sandhouse et al. (2011),0.09138353,-0.09138353,0.09138353,0.09138353,0.3718,0.1382,-0.6374,0.8201,1,14,15,29,0.049,High,Vision,Vision,pupillary size measurement - OS Bright,FALSE,TRUE,,N/A,True ,-1,-0.8201308,0.6373638,0.09138353,,,0.09138353
211,sandhouse_2011,Sandhouse et al. (2011),-0.06877993,0.06877993,-0.06877993,-0.06877993,0.3717,0.1382,-0.7974,0.6598,1,14,15,29,NS,High,Vision,Vision,pupillary size measurement - OD Dim,FALSE,FALSE,,N/A,True ,-1,-0.6597932,0.7973531,-0.06877993,,,-0.06877993
212,sandhouse_2011,Sandhouse et al. (2011),-0.11876515,0.11876515,-0.11876515,-0.11876515,0.372,0.1384,-0.8478,0.6103,1,14,15,29,NS,High,Vision,Vision,pupillary size measurement - OS DIM,FALSE,FALSE,,N/A,True ,-1,-0.6102589,0.8477892,-0.11876515,,,-0.11876515
213,sandhouse_2011,Sandhouse et al. (2011),-0.50253172,0.50253172,-0.50253172,-0.50253172,0.3778,0.1427,-1.2429,0.2379,1,14,15,29,NS,High,Vision,Vision,vergence system testing - CT near prism D,FALSE,FALSE,,N/A,True ,-1,-0.2378683,1.2429317,-0.50253172,,,-0.50253172
214,sandhouse_2011,Sandhouse et al. (2011),0.50042116,-0.50042116,0.50042116,0.50042116,0.3777,0.1427,-0.2399,1.2407,1,14,15,29,0.049,High,Vision,Vision,vergence system testing - NPC break,FALSE,TRUE,,Lower is better,True ,-1,-1.2407209,0.2398786,0.50042116,,,0.50042116
215,sandhouse_2011,Sandhouse et al. (2011),0.62383541,-0.62383541,0.62383541,0.62383541,0.381,0.1452,-0.123,1.3707,1,14,15,29,NS,High,Vision,Vision,vergence system testing - NPC recovery,FALSE,TRUE,,Lower is better,True ,-1,-1.3706763,0.1230054,0.62383541,,,0.62383541
216,terrell_2022,Terrell et al. (2022),0.2382694,-0.2382694,-0.2382694,-0.2382694,0.3887,0.1511,-1.0002,0.5236,1,12,15,27,NA,High,Function,Motor Function ,Hip ROM,TRUE,FALSE,,ROM in degrees,True ,1,-1.000184,0.5236452,-0.2382694,,,0.2382694
217,terrell_2022,Terrell et al. (2022),1.0562034,-1.0562034,-1.0562034,-1.0562034,0.4147,0.172,-1.869,-0.2434,1,12,15,27,NA,High,Function,Motor Function ,Knee ROM,TRUE,FALSE,,ROM in degrees,True ,1,-1.868986,-0.2434208,-1.0562034,,,1.0562034
218,terrell_2022,Terrell et al. (2022),0.4586304,-0.4586304,-0.4586304,-0.4586304,0.3926,0.1541,-1.2281,0.3109,1,12,15,27,NA,High,Function,Motor Function ,Ankle ROM,TRUE,FALSE,,ROM in degrees,True ,1,-1.228132,0.3108707,-0.4586304,,,0.4586304
219,vandenplas_2008,Vandenplas et al. (2008),0.1496,-0.1496,0.1496,0.1496,0.3795,0.144,-0.5941,0.8934,1,13,15,28,NA,Some Concern,Sleep,"Neonate health, behavior",Number of OSA recorded ,FALSE,TRUE,,Mean after treatment ,True ,-1,-0.8934,0.5941,0.1496,,,0.1496
220,vandenplas_2008,Vandenplas et al. (2008),-0.3025,0.3025,0.3025,0.3025,0.3812,0.1453,-0.4447,1.0497,1,13,15,28,0.43,Some Concern,Sleep,"Neonate health, behavior",Number of OSA recorded ,TRUE,TRUE,,"Difference, higher is better ",True ,1,-0.4447,1.0497,0.3025,,,-0.3025
221,wahl_2008,Wahl et al. (2008),0.0835,-0.0835,0.0835,0.0835,0.3385,0.1146,-0.58,0.7469,1,21,23,44,NS,High,Disease Incidence,Disease incidence,Incidence of acute otitis media ,FALSE,TRUE,,higher is worse,True ,-1,-0.7469,0.58,0.0835,,,0.0835
222,wyatt_2011,Wyatt et al. (2011),-0.41469378,0.41469378,0.41469378,0.41469378,0.2074,0.043,0.0081,0.8213,1,53,43,96,NA,Some Concern,Psychological,Mental Function,Child Health Questionaire - Family Activity ,TRUE,TRUE,,Higher score = better family functioning,True ,1,0.008106703,0.82128086,0.41469378,,,-0.41469378
223,wyatt_2011,Wyatt et al. (2011),-0.51351568,0.51351568,0.51351568,0.51351568,0.2262,0.0512,0.0702,0.9568,1,46,36,82,NA,Some Concern,Function,Motor Function ,Child Health Questionaire - Physical Summary,TRUE,TRUE,,Higher score = better health,True ,1,0.070219222,0.95681213,0.51351568,,,-0.51351568
224,wyatt_2011,Wyatt et al. (2011),-0.15952355,0.15952355,0.15952355,0.15952355,0.2229,0.0497,-0.2773,0.5964,1,46,36,82,NA,Some Concern,Psychological,Mental Health,Child Health Questionaire - Psychological Summary,TRUE,TRUE,,Higher score = better health,True ,1,-0.277311218,0.59635831,0.15952355,,,-0.15952355
225,wyatt_2011,Wyatt et al. (2011),0.10199674,-0.10199674,-0.10199674,-0.10199674,0.2067,0.0427,-0.5072,0.3032,1,53,42,95,NA,Some Concern,Function,Movement,Short Form 36 - Physical Component Summary ,TRUE,FALSE,,"Scores have a population mean of 50, any score above/below indicating better/poorer health.",True ,1,-0.507160217,0.30316673,-0.10199674,,,0.10199674
226,wyatt_2011,Wyatt et al. (2011),-0.76464914,0.76464914,0.76464914,0.76464914,0.214,0.0458,0.3452,1.1841,1,53,42,95,NA,Some Concern,Psychological,Mental Health,Short Form 36 - Mental Component Summary ,TRUE,TRUE,,"Scores have a population mean of 50, any score above/below indicating better/poorer health.",True ,1,0.34517503,1.18412326,0.76464914,,,-0.76464914
227,wyatt_2011,Wyatt et al. (2011),-0.37611304,0.37611304,0.37611304,0.37611304,0.2353,0.0554,-0.0852,0.8374,1,40,34,74,NA,Some Concern,Sleep,Sleep,Mean Time Asleep,TRUE,TRUE,,Higher is better,True ,1,-0.085157235,0.83738332,0.37611304,,,-0.37611304
228,wyatt_2011,Wyatt et al. (2011),0.75165837,-0.75165837,0.75165837,0.75165837,0.2429,0.059,0.2756,1.2278,1,39,34,73,NA,Some Concern,Sleep,Sleep,Mean Time to Sleep,FALSE,TRUE,,Higher is worse,True ,-1,-1.227755991,-0.27556074,0.75165837,,,0.75165837
229,wyatt_2011,Wyatt et al. (2011),-0.207234,0.207234,0.207234,0.207234,0.1767,0.0312,-0.1391,0.5536,2,67,62,129,NA,Some Concern,Function,Motor Function ,Gross Motor Function Measure - 66,TRUE,TRUE,,"Scores range 0–100, higher score = better mobility",True ,1,-0.139091415,0.55355941,0.207234,,,-0.207234
230,wyatt_2011,Wyatt et al. (2011),-0.18130472,0.18130472,0.18130472,0.18130472,0.1944,0.0378,-0.1998,0.5624,2,58,49,107,NA,Some Concern,Function,Motor Function ,Child Health Questionaire - Physical Summary,TRUE,TRUE,,Higher score = better health,True ,1,-0.199782904,0.56239234,0.18130472,,,-0.18130472
231,wyatt_2011,Wyatt et al. (2011),-0.3051919,0.3051919,0.3051919,0.3051919,0.1952,0.0381,-0.0773,0.6877,2,58,49,107,NA,Some Concern,Psychological,Mental Health,Child Health Questionaire - Psychological Summary,TRUE,TRUE,,Higher score = better health,True ,1,-0.077333054,0.68771685,0.3051919,,,-0.3051919
232,wyatt_2011,Wyatt et al. (2011),-0.03007769,0.03007769,0.03007769,0.03007769,0.1798,0.0323,-0.3224,0.3825,2,65,59,124,NA,Some Concern,Function,Motor Function ,Short Form 36 - Physical Component Summary ,TRUE,TRUE,,"Scores have a population mean of 50, any score above/below indicating better/poorer health.",True ,1,-0.322375181,0.38253056,0.03007769,,,-0.03007769
233,wyatt_2011,Wyatt et al. (2011),-0.16776583,0.16776583,0.16776583,0.16776583,0.1801,0.0324,-0.1853,0.5208,2,65,59,124,NA,Some Concern,Psychological,Mental Health,Short Form 36 - Mental Component Summary ,TRUE,TRUE,,"Scores have a population mean of 50, any score above/below indicating better/poorer health.",True ,1,-0.185292558,0.52082421,0.16776583,,,-0.16776583
234,wyatt_2011,Wyatt et al. (2011),0.34923491,-0.34923491,-0.34923491,-0.34923491,0.2398,0.0575,-0.8192,0.1207,2,38,33,71,NA,Some Concern,Sleep,Sleep,Mean Time Asleep,TRUE,FALSE,,Higher is better,True ,1,-0.819204604,0.12073478,-0.34923491,,,0.34923491
235,wyatt_2011,Wyatt et al. (2011),0.44890902,-0.44890902,0.44890902,0.44890902,0.241,0.0581,-0.0234,0.9212,2,38,33,71,NA,Some Concern,Sleep,Sleep,Mean Time to Sleep,FALSE,TRUE,,Higher is worse,True ,-1,-0.921213357,0.02339532,0.44890902,,,0.44890902
236,wyatt_2011,Wyatt et al. (2011),0.42844109,-0.42844109,0.42844109,0.42844109,0.2619,0.0686,-0.0848,0.9417,2,35,26,61,NA,Some Concern,Pain ,"Pain, chronic somatic",Best Day Pediatric Pain Profile ,FALSE,TRUE,,"Scores range 0–60, higher score = worst pain",True ,-1,-0.941699995,0.08481782,0.42844109,,,0.42844109
237,wyatt_2011,Wyatt et al. (2011),0.37573474,-0.37573474,0.37573474,0.37573474,0.2612,0.0682,-0.1362,0.8877,2,35,26,61,NA,Some Concern,Pain ,"Pain, chronic somatic",Worst Day Pediatric Pain Profile ,FALSE,TRUE,,"Scores range 0–60, higher score = worst pain",True ,-1,-0.887657942,0.13618847,0.37573474,,,0.37573474
238,Rolle_2014,Rolle et al. (2014),-0.2856,0.2855898,-0.2855898,-0.2855898,0.3183,0.1013,-0.9094,0.3383,1,19,21,40,NA,High,Event ,"Pain, headache",Mean Headache Frequency,FALSE,FALSE,,Higher is worse,,,,,,,,
239,Rolle_2015,Rolle et al. (2014),-0.5677,0.567744,-0.567744,-0.567744,0.3232,0.1044,-1.2012,0.0657,1,19,21,40,NA,High,Medication Use,"Pain, headache medication use",OTC Medication Use,FALSE,FALSE,,More OTC med use is worse,,,,,0,,,
240,Rolle_2016,Rolle et al. (2014),-0.9815,0.981454,-0.981454,-0.981454,0.3358,0.1128,-1.6397,-0.3232,1,19,21,40,NA,High,Pain ,"Pain, headache",Headache Pain 1-5,FALSE,FALSE,,1 - 5 (worst),,,,,,,,
241,Rolle_2017,Rolle et al. (2014),-1.1585,1.1584952,-1.1584952,-1.1584952,0.3431,0.1177,-1.8309,-0.486,1,19,21,40,NA,High,Disability,Mental Function,Headache Disability Inventory ,FALSE,FALSE,,1 - 100 (worst),,,,,,,,
242,Rolle_2018,Rolle et al. (2014),0.8408,-0.8408119,0.8408119,0.8408119,0.3308,0.1094,0.1924,1.4892,2,19,21,40,NA,High,Event ,"Pain, headache",Mean Headache Frequency,FALSE,TRUE,,Higher is worse,,,,,,,,
243,Rolle_2019,Rolle et al. (2014),0.2096,-0.2096286,0.2096286,0.2096286,0.3175,0.1008,-0.4127,0.832,2,19,21,40,NA,High,Medication Use,"Pain, headache medication use",OTC Medication Use,FALSE,TRUE,,More OTC med use is worse,,,,,,,,
244,Rolle_2020,Rolle et al. (2014),0.2162,-0.21623,0.21623,0.21623,0.3176,0.1009,-0.4062,0.8387,2,19,21,40,NA,High,Pain ,"Pain, headache",Headache Pain 1-5,FALSE,TRUE,,1 - 5 (worst),,,,,,,,
245,Rolle_2021,Rolle et al. (2014),-0.48,0.4799808,-0.4799808,-0.4799808,0.3213,0.1032,-1.1098,0.1498,2,19,21,40,NA,High,Disability,Mental Function,Headache Disability Inventory ,FALSE,FALSE,,1 - 100 (worst),,,,,,,,
246,Rolle_2022,Rolle et al. (2014),1.8242,-1.8242003,1.8242003,1.8242003,0.3789,0.1436,1.0816,2.5668,3,19,21,40,NA,High,Event ,"Pain, headache",Mean Headache Frequency,FALSE,TRUE,,Higher is worse,,,,,,,,
247,Rolle_2023,Rolle et al. (2014),0.7162,-0.716231,0.716231,0.716231,0.327,0.1069,0.0753,1.3571,3,19,21,40,NA,High,Medication Use,"Pain, headache medication use",OTC Medication Use,FALSE,TRUE,,More OTC med use is worse,,,,,,,,
248,Rolle_2024,Rolle et al. (2014),0.5097,-0.5097438,0.5097438,0.5097438,0.3219,0.1036,-0.1212,1.1407,3,19,21,40,NA,High,Pain ,"Pain, headache",Headache Pain 1-5,FALSE,TRUE,,1 - 5 (worst),,,,,,,,
249,Rolle_2025,Rolle et al. (2014),0.7946,-0.7946293,0.7946293,0.7946293,0.3293,0.1085,0.1491,1.4401,3,19,21,40,NA,High,Disability,Disability,Headache Disability Inventory ,FALSE,TRUE,,1 - 100 (worst),,,,,,,,
